timestamp,state,x,y,z,roll_deg,pitch_deg,yaw_deg,dist_left,dist_center,dist_right,dist_top,dist_bottom,dtof_alert,collision_type,best_dir,max_space,cmd_vx,cmd_vz,cmd_yaw,lap,total_hits
18:20:47.120,SEARCHING,0.017,0.000,1.000,0.00,0.00,0.00,10.000,10.000,10.000,10.000,10.000,0,NONE,SEARCHING,0.000,0.526,0.000,0.000,0,0
18:20:47.321,SEARCHING,0.126,0.000,1.000,0.00,0.00,0.00,10.000,10.000,10.000,10.000,10.000,0,NONE,SEARCHING,0.000,0.734,0.000,0.000,0,0
18:20:47.522,SEARCHING,0.274,0.000,1.000,0.00,0.00,0.00,10.000,10.000,10.000,10.000,10.000,0,NONE,SEARCHING,0.000,0.784,0.000,0.000,0,0
18:20:47.723,SEARCHING,0.431,0.000,1.000,0.00,0.00,0.00,10.000,10.000,10.000,10.000,10.000,0,NONE,SEARCHING,0.000,0.796,0.000,0.000,0,0
18:20:47.923,SEARCHING,0.591,0.000,1.000,0.00,0.00,0.00,10.000,10.000,10.000,10.000,10.000,0,NONE,SEARCHING,0.000,0.799,0.000,0.000,0,0
18:20:48.123,SEARCHING,0.750,0.000,1.000,0.00,0.00,0.00,10.000,10.000,10.000,10.000,10.000,0,NONE,SEARCHING,0.000,0.800,0.000,0.000,0,0
18:20:48.324,SEARCHING,0.910,0.000,1.000,0.00,0.00,0.00,10.000,10.000,10.000,10.000,10.000,0,NONE,SEARCHING,0.000,0.800,0.000,0.000,0,0
18:20:48.527,SEARCHING,1.070,0.000,1.000,0.00,0.00,0.00,10.000,10.000,10.000,10.000,10.000,0,NONE,SEARCHING,0.000,0.800,0.000,0.000,0,0
18:20:48.729,SEARCHING,1.230,0.000,1.000,0.00,0.00,0.00,8.125,8.806,7.869,8.716,7.660,0,NONE,SEARCHING,0.000,0.800,0.000,0.001,0,0
18:20:48.930,SEARCHING,1.334,0.000,1.003,0.00,0.00,0.02,4.795,6.795,4.056,6.354,3.504,0,NONE,SEARCHING,0.000,0.800,0.074,0.015,0,0
18:20:49.131,SEARCHING,1.382,0.000,1.026,0.00,0.00,0.11,3.927,6.251,3.026,5.711,2.435,0,NONE,SEARCHING,0.000,0.800,0.197,0.041,0,0
18:20:49.332,SEARCHING,1.430,0.000,1.072,0.00,0.00,0.29,3.781,6.588,2.873,5.544,2.342,0,NONE,SEARCHING,0.000,0.800,0.272,0.059,0,0
18:20:49.533,SEARCHING,1.478,0.000,1.128,0.00,0.00,0.50,3.712,6.896,2.880,5.471,2.430,0,NONE,SEARCHING,0.000,0.800,0.280,0.063,0,0
18:20:49.735,SEARCHING,1.526,0.001,1.183,0.00,0.00,0.71,3.699,7.419,2.944,5.267,2.732,0,NONE,SEARCHING,0.000,0.800,0.253,0.059,0,0
18:20:49.937,SEARCHING,1.574,0.002,1.231,0.00,0.00,0.91,3.653,7.811,2.959,5.091,2.719,0,NONE,SEARCHING,0.000,0.800,0.220,0.055,0,0
18:20:50.137,SEARCHING,1.622,0.002,1.274,0.00,0.00,1.09,3.614,7.956,2.985,4.970,2.825,0,NONE,SEARCHING,0.000,0.800,0.199,0.050,0,0
18:20:50.338,SEARCHING,1.670,0.003,1.312,0.00,0.00,1.26,3.633,7.846,3.062,4.841,2.929,0,NONE,SEARCHING,0.000,0.800,0.178,0.045,0,0
18:20:50.541,SEARCHING,1.718,0.005,1.346,0.00,0.00,1.40,3.616,7.801,3.096,4.787,3.034,0,NONE,SEARCHING,0.000,0.800,0.158,0.040,0,0
18:20:50.744,SEARCHING,1.766,0.006,1.376,0.00,0.00,1.53,3.585,7.735,3.099,4.722,3.100,0,NONE,SEARCHING,0.000,0.800,0.143,0.036,0,0
18:20:50.945,SEARCHING,1.814,0.007,1.404,0.00,0.00,1.65,3.535,7.664,3.118,4.617,3.126,0,NONE,SEARCHING,0.000,0.800,0.131,0.033,0,0
18:20:51.147,SEARCHING,1.862,0.008,1.429,0.00,0.00,1.76,3.518,7.636,3.150,4.527,3.249,0,NONE,SEARCHING,0.000,0.800,0.116,0.029,0,0
18:20:51.346,SEARCHING,1.910,0.010,1.452,0.00,0.00,1.85,3.498,7.578,3.176,4.496,3.233,0,NONE,SEARCHING,0.000,0.800,0.111,0.025,0,0
18:20:51.551,SEARCHING,1.958,0.012,1.473,0.00,0.00,1.94,3.480,7.601,3.165,4.416,3.361,0,NONE,SEARCHING,0.000,0.800,0.095,0.023,0,0
18:20:51.752,SEARCHING,2.006,0.013,1.491,0.00,0.00,2.01,3.450,7.546,3.196,4.361,3.391,0,NONE,SEARCHING,0.000,0.800,0.085,0.021,0,0
18:20:51.953,SEARCHING,2.054,0.015,1.508,0.00,0.00,2.08,3.479,7.409,3.217,4.325,3.466,0,NONE,SEARCHING,0.000,0.800,0.076,0.019,0,0
18:20:52.154,SEARCHING,2.102,0.017,1.522,0.00,0.00,2.14,3.449,7.388,3.221,4.295,3.471,0,NONE,SEARCHING,0.000,0.800,0.069,0.018,0,0
18:20:52.355,SEARCHING,2.150,0.018,1.536,0.00,0.00,2.20,3.437,7.382,3.271,4.255,3.533,0,NONE,SEARCHING,0.000,0.800,0.062,0.014,0,0
18:20:52.557,SEARCHING,2.198,0.020,1.548,0.00,0.00,2.25,3.436,7.381,3.308,4.206,3.570,0,NONE,SEARCHING,0.000,0.800,0.055,0.012,0,0
18:20:52.758,SEARCHING,2.246,0.022,1.557,0.00,0.00,2.28,3.475,7.240,3.332,4.179,3.577,0,NONE,SEARCHING,0.000,0.800,0.018,0.010,0,0
18:20:52.959,SEARCHING,2.350,0.026,1.558,0.00,0.00,2.35,3.438,7.161,3.327,4.163,3.492,0,NONE,SEARCHING,0.000,0.800,0.021,0.008,0,0
18:20:53.161,SEARCHING,2.398,0.028,1.562,0.00,0.00,2.38,3.491,7.152,3.318,4.161,3.514,0,NONE,SEARCHING,0.000,0.800,0.027,0.010,0,0
18:20:53.361,SEARCHING,2.446,0.030,1.570,0.00,0.00,2.42,3.519,7.151,3.340,4.145,3.538,0,NONE,SEARCHING,0.000,0.800,0.032,0.011,0,0
18:20:53.566,SEARCHING,2.494,0.032,1.574,0.00,0.00,2.46,3.534,7.151,3.322,4.130,3.648,0,NONE,SEARCHING,0.000,0.800,0.008,0.013,0,0
18:20:53.766,SEARCHING,2.654,0.039,1.574,0.00,0.00,2.61,3.515,7.008,3.332,4.150,3.667,0,NONE,SEARCHING,0.000,0.800,0.002,0.013,0,0
18:20:53.969,SEARCHING,2.813,0.047,1.574,0.00,0.00,2.76,3.521,6.946,3.359,4.159,3.472,0,NONE,SEARCHING,0.000,0.800,0.018,0.012,0,0
18:20:54.172,SEARCHING,2.861,0.049,1.578,0.00,0.00,2.80,3.540,6.936,3.298,4.174,3.550,0,NONE,SEARCHING,0.000,0.800,0.025,0.013,0,0
18:20:54.371,SEARCHING,2.909,0.052,1.583,0.00,0.00,2.84,3.528,6.870,3.320,4.192,3.663,0,NONE,SEARCHING,0.000,0.800,0.011,0.014,0,0
18:20:54.574,SEARCHING,3.013,0.057,1.584,0.00,0.00,2.94,3.514,6.754,3.363,4.182,3.670,0,NONE,SEARCHING,0.000,0.800,0.003,0.012,0,0
18:20:54.778,SEARCHING,3.173,0.065,1.584,0.00,0.00,3.08,3.503,6.734,3.386,4.187,3.641,0,NONE,SEARCHING,0.000,0.800,0.001,0.009,0,0
18:20:54.979,SEARCHING,3.333,0.074,1.584,0.00,0.00,3.18,3.465,6.625,3.382,4.167,3.679,0,NONE,SEARCHING,0.000,0.800,0.000,0.007,0,0
18:20:55.182,SEARCHING,3.493,0.083,1.584,0.00,0.00,3.25,3.440,6.552,3.431,4.161,3.877,0,NONE,SEARCHING,0.000,0.800,0.000,0.004,0,0
18:20:55.382,SEARCHING,3.652,0.092,1.584,0.00,0.00,3.29,3.394,6.389,3.477,4.184,3.633,0,NONE,SEARCHING,0.000,0.800,0.000,-0.001,0,0
18:20:55.586,SEARCHING,3.812,0.101,1.584,0.00,0.00,3.27,3.334,6.362,3.546,4.170,3.681,0,NONE,SEARCHING,0.000,0.800,0.000,-0.007,0,0
18:20:55.788,SEARCHING,3.972,0.110,1.584,0.00,0.00,3.17,3.295,6.280,3.753,4.185,3.678,0,NONE,SEARCHING,0.000,0.800,0.000,-0.020,0,0
18:20:55.988,SEARCHING,4.132,0.119,1.584,0.00,0.00,2.93,3.299,6.250,3.986,4.225,3.599,0,NONE,SEARCHING,0.000,0.800,0.000,-0.033,0,0
18:20:56.189,SEARCHING,4.291,0.127,1.584,0.00,0.00,2.53,3.258,6.049,4.190,4.224,3.675,0,NONE,SEARCHING,0.000,0.800,0.000,-0.047,0,0
18:20:56.391,SEARCHING,4.451,0.133,1.584,0.00,0.00,1.98,3.262,5.760,4.198,4.230,3.664,0,NONE,SEARCHING,0.000,0.800,0.000,-0.054,0,0
18:20:56.593,SEARCHING,4.555,0.136,1.585,0.00,0.00,1.59,3.307,5.510,4.134,4.236,3.643,0,NONE,SEARCHING,0.000,0.800,0.019,-0.052,0,0
18:20:56.794,SEARCHING,4.659,0.139,1.587,0.00,0.00,1.21,3.346,5.425,4.098,4.237,2.737,0,NONE,SEARCHING,0.000,0.800,0.051,-0.047,0,0
18:20:56.996,SEARCHING,4.707,0.140,1.602,0.00,0.00,1.05,3.316,5.242,4.060,4.195,3.507,0,NONE,SEARCHING,0.000,0.800,0.077,-0.045,0,0
18:20:57.198,SEARCHING,4.755,0.141,1.614,0.00,0.00,0.90,3.304,5.204,4.012,4.169,3.686,0,NONE,SEARCHING,0.000,0.800,0.024,-0.044,0,0
18:20:57.401,SEARCHING,4.803,0.141,1.617,0.00,0.00,0.75,3.314,5.134,3.937,4.139,3.690,0,NONE,SEARCHING,0.000,0.800,0.006,-0.041,0,0
18:20:57.603,SEARCHING,4.963,0.143,1.617,0.00,0.00,0.28,3.341,5.012,3.999,4.157,3.696,0,NONE,SEARCHING,0.000,0.800,0.001,-0.041,0,0
18:20:57.806,SEARCHING,5.123,0.143,1.617,0.00,0.00,-0.18,3.322,4.903,3.944,4.159,3.751,0,NONE,SEARCHING,0.000,0.800,0.000,-0.039,0,0
18:20:58.011,SEARCHING,5.283,0.142,1.617,0.00,0.00,-0.63,3.310,4.678,3.906,4.160,3.710,0,NONE,SEARCHING,0.000,0.800,0.000,-0.038,0,0
18:20:58.210,SEARCHING,5.443,0.140,1.617,0.00,0.00,-1.06,3.332,4.485,3.885,4.160,3.758,0,NONE,SEARCHING,0.000,0.800,0.000,-0.036,0,0
18:20:58.411,SEARCHING,5.603,0.136,1.617,0.00,0.00,-1.47,3.334,4.336,3.803,4.160,3.835,0,NONE,SEARCHING,0.000,0.800,0.000,-0.031,0,0
18:20:58.613,SEARCHING,5.763,0.132,1.617,0.00,0.00,-1.82,3.302,4.220,3.729,4.211,3.846,0,NONE,SEARCHING,0.000,0.800,0.000,-0.029,0,0
18:20:58.812,SEARCHING,5.923,0.126,1.617,0.00,0.00,-2.16,3.254,4.065,3.657,4.219,3.785,0,NONE,SEARCHING,0.000,0.800,0.000,-0.028,0,0
18:20:59.015,SEARCHING,6.083,0.120,1.617,0.00,0.00,-2.47,3.266,3.970,3.662,4.184,3.631,0,NONE,SEARCHING,0.000,0.800,0.000,-0.027,0,0
18:20:59.219,SEARCHING,6.243,0.112,1.617,0.00,0.00,-2.78,3.289,3.908,3.650,4.164,3.529,0,NONE,SEARCHING,0.000,0.800,0.016,-0.026,0,0
18:20:59.425,SEARCHING,6.291,0.110,1.623,0.00,0.00,-2.87,3.310,3.885,3.649,4.161,3.442,0,NONE,SEARCHING,0.000,0.800,0.048,-0.023,0,0
18:20:59.622,SEARCHING,6.338,0.108,1.633,0.00,0.00,-2.95,3.300,3.824,3.654,4.177,3.363,0,NONE,SEARCHING,0.000,0.800,0.062,-0.024,0,0
18:20:59.825,SEARCHING,6.386,0.105,1.646,0.00,0.00,-3.03,3.278,3.802,3.652,4.163,2.856,0,NONE,SEARCHING,0.000,0.800,0.087,-0.024,0,0
18:21:00.027,SEARCHING,6.434,0.103,1.666,0.00,0.00,-3.11,3.295,3.794,3.635,4.120,3.160,0,NONE,SEARCHING,0.000,0.800,0.097,-0.024,0,0
18:21:00.229,SEARCHING,6.482,0.100,1.684,0.00,0.00,-3.19,3.285,3.884,3.621,4.070,2.764,0,NONE,SEARCHING,0.000,0.800,0.104,-0.023,0,0
18:21:00.431,SEARCHING,6.530,0.097,1.706,0.00,0.00,-3.27,3.277,4.002,3.601,4.003,3.069,0,NONE,SEARCHING,0.000,0.800,0.104,-0.022,0,0
18:21:00.634,SEARCHING,6.578,0.095,1.726,0.00,0.00,-3.35,3.300,4.197,3.616,3.935,3.073,0,NONE,SEARCHING,0.000,0.800,0.091,-0.023,0,0
18:21:00.837,SEARCHING,6.626,0.092,1.744,0.00,0.00,-3.42,3.312,4.331,3.620,3.899,3.017,0,NONE,SEARCHING,0.000,0.800,0.089,-0.021,0,0
18:21:01.040,SEARCHING,6.674,0.089,1.762,0.00,0.00,-3.49,3.316,4.487,3.648,3.862,2.988,0,NONE,SEARCHING,0.000,0.800,0.091,-0.021,0,0
18:21:01.239,SEARCHING,6.722,0.086,1.780,0.00,0.00,-3.56,3.316,4.699,3.617,3.781,2.918,0,NONE,SEARCHING,0.000,0.800,0.091,-0.021,0,0
18:21:01.442,SEARCHING,6.770,0.083,1.798,0.00,0.00,-3.63,3.316,4.772,3.586,3.723,2.871,0,NONE,SEARCHING,0.000,0.800,0.093,-0.019,0,0
18:21:01.645,SEARCHING,6.818,0.080,1.817,0.00,0.00,-3.70,3.326,4.779,3.566,3.664,2.840,0,NONE,SEARCHING,0.000,0.800,0.095,-0.018,0,0
18:21:01.848,SEARCHING,6.866,0.077,1.836,0.00,0.00,-3.75,3.325,4.769,3.507,3.613,2.746,0,NONE,SEARCHING,0.000,0.800,0.101,-0.014,0,0
18:21:02.047,SEARCHING,6.913,0.074,1.857,0.00,0.00,-3.80,3.317,4.691,3.505,3.549,2.702,0,NONE,SEARCHING,0.000,0.800,0.104,-0.013,0,0
18:21:02.248,SEARCHING,6.961,0.070,1.878,0.00,0.00,-3.84,3.306,4.673,3.473,3.490,2.650,0,NONE,SEARCHING,0.000,0.800,0.107,-0.012,0,0
18:21:02.452,SEARCHING,7.009,0.067,1.899,0.00,0.00,-3.89,3.275,4.640,3.473,3.432,2.603,0,NONE,SEARCHING,0.000,0.800,0.110,-0.013,0,0
18:21:02.651,SEARCHING,7.057,0.064,1.922,0.00,0.00,-3.93,3.246,4.587,3.481,3.395,2.547,0,NONE,SEARCHING,0.000,0.800,0.115,-0.015,0,0
18:21:02.853,SEARCHING,7.105,0.061,1.945,0.00,0.00,-3.99,3.265,4.519,3.435,3.343,2.486,0,NONE,SEARCHING,0.000,0.800,0.120,-0.014,0,0
18:21:03.057,SEARCHING,7.153,0.057,1.970,0.00,0.00,-4.03,3.247,4.466,3.419,3.307,2.403,0,NONE,SEARCHING,0.000,0.800,0.134,-0.013,0,0
18:21:03.257,SEARCHING,7.201,0.054,1.997,0.00,0.00,-4.08,3.229,4.456,3.393,3.245,2.415,0,NONE,SEARCHING,0.000,0.800,0.131,-0.012,0,0
18:21:03.459,SEARCHING,7.249,0.050,2.023,0.00,0.00,-4.12,3.214,4.410,3.395,3.179,2.437,0,NONE,SEARCHING,0.000,0.800,0.122,-0.012,0,0
18:21:03.661,SEARCHING,7.297,0.047,2.047,0.00,0.00,-4.16,3.208,4.332,3.401,3.110,2.450,0,NONE,SEARCHING,0.000,0.800,0.111,-0.014,0,0
18:21:03.863,SEARCHING,7.344,0.043,2.068,0.00,0.00,-4.21,3.230,4.303,3.413,3.049,2.467,0,NONE,SEARCHING,0.000,0.800,0.100,-0.014,0,0
18:21:04.062,SEARCHING,7.392,0.040,2.087,0.00,0.00,-4.25,3.245,4.248,3.404,3.005,2.479,0,NONE,SEARCHING,0.000,0.800,0.091,-0.012,0,0
18:21:04.263,SEARCHING,7.440,0.036,2.105,0.00,0.00,-4.29,3.270,4.208,3.389,2.952,2.527,0,NONE,SEARCHING,0.000,0.800,0.078,-0.010,0,0
18:21:04.465,SEARCHING,7.488,0.033,2.119,0.00,0.00,-4.32,3.287,4.161,3.357,2.918,2.553,0,NONE,SEARCHING,0.000,0.800,0.067,-0.007,0,0
18:21:04.668,SEARCHING,7.536,0.029,2.132,0.00,0.00,-4.35,3.272,4.039,3.335,2.874,2.568,0,NONE,SEARCHING,0.000,0.800,0.041,-0.006,0,0
18:21:04.869,SEARCHING,7.584,0.025,2.137,0.00,0.00,-4.36,3.269,4.025,3.341,2.840,2.589,0,NONE,SEARCHING,0.000,0.800,0.010,-0.005,0,0
18:21:05.070,SEARCHING,7.743,0.013,2.137,0.00,0.00,-4.41,3.298,3.914,3.290,2.832,2.597,0,NONE,SEARCHING,0.000,0.800,0.002,-0.002,0,0
18:21:05.274,SEARCHING,7.903,0.001,2.137,0.00,0.00,-4.43,3.326,3.752,3.277,2.828,2.600,0,NONE,SEARCHING,0.000,0.800,0.001,0.001,0,0
18:21:05.475,SEARCHING,8.062,-0.012,2.137,0.00,0.00,-4.42,3.358,3.587,3.301,2.844,2.600,0,NONE,SEARCHING,0.000,0.800,0.000,0.004,0,0
18:21:05.676,SEARCHING,8.222,-0.024,2.137,0.00,0.00,-4.38,3.360,3.396,3.266,2.851,2.614,0,NONE,SEARCHING,0.000,0.800,0.000,0.005,0,0
18:21:05.878,SEARCHING,8.381,-0.036,2.137,0.00,0.00,-4.31,3.319,3.242,3.222,2.826,2.608,0,NONE,SEARCHING,0.000,0.800,0.000,0.007,0,0
18:21:06.081,SEARCHING,8.541,-0.048,2.137,0.00,0.00,-4.23,3.308,3.092,3.203,2.867,2.625,0,NONE,SEARCHING,0.000,0.800,0.000,0.008,0,0
18:21:06.281,SEARCHING,8.700,-0.060,2.137,0.00,0.00,-4.14,3.181,2.844,3.148,2.879,2.603,0,NONE,SEARCHING,0.000,0.800,0.000,0.005,0,0
18:21:06.482,SEARCHING,8.860,-0.071,2.137,0.00,0.00,-4.08,3.044,2.739,3.042,2.824,2.624,0,NONE,SEARCHING,0.000,0.800,0.000,0.002,0,0
18:21:06.683,SEARCHING,9.020,-0.082,2.137,0.00,0.00,-4.07,2.839,2.569,2.897,2.674,2.606,0,NONE,SEARCHING,0.000,0.800,0.000,-0.002,0,0
18:21:06.888,SEARCHING,9.179,-0.094,2.137,0.00,0.00,-4.10,2.640,2.344,2.751,2.500,2.601,0,NONE,SEARCHING,0.000,0.800,0.000,-0.007,0,0
18:21:07.089,SEARCHING,9.339,-0.105,2.137,0.00,0.00,-4.20,2.414,2.256,2.633,2.345,2.598,0,NONE,SEARCHING,0.000,0.800,0.000,-0.018,0,0
18:21:07.291,SEARCHING,9.443,-0.113,2.134,0.00,0.00,-4.34,2.255,2.148,2.558,2.210,2.600,0,NONE,SEARCHING,0.000,0.800,-0.050,-0.034,0,0
18:21:07.491,SEARCHING,9.490,-0.117,2.121,0.00,0.00,-4.48,2.145,2.067,2.554,2.125,2.590,0,NONE,SEARCHING,0.000,0.800,-0.085,-0.049,0,0
18:21:07.693,SEARCHING,9.538,-0.120,2.103,0.00,0.00,-4.67,2.076,2.014,2.564,2.072,2.550,0,NONE,SEARCHING,0.000,0.800,-0.101,-0.064,0,0
18:21:07.895,SEARCHING,9.586,-0.124,2.082,0.00,0.00,-4.91,2.015,1.983,2.572,2.030,2.503,0,NONE,SEARCHING,0.000,0.797,-0.109,-0.078,0,0
18:21:08.097,SEARCHING,9.633,-0.129,2.060,0.00,0.00,-5.20,1.969,1.955,2.545,1.982,2.455,0,NONE,SEARCHING,0.000,0.779,-0.114,-0.088,0,0
18:21:08.298,SEARCHING,9.679,-0.133,2.037,0.00,0.00,-5.51,1.928,1.923,2.537,1.939,2.392,0,NONE,SEARCHING,0.000,0.755,-0.116,-0.095,0,0
18:21:08.500,SEARCHING,9.723,-0.137,2.014,0.00,0.00,-5.85,1.867,1.867,2.514,1.886,2.317,0,NONE,SEARCHING,0.000,0.721,-0.118,-0.105,0,0
18:21:08.700,SEARCHING,9.766,-0.142,1.990,0.00,0.00,-6.23,1.789,1.839,2.483,1.837,2.246,0,NONE,SEARCHING,0.000,0.689,-0.119,-0.116,0,0
18:21:08.901,SEARCHING,9.806,-0.146,1.966,0.00,0.00,-6.64,1.751,1.816,2.446,1.806,2.188,0,NONE,SEARCHING,0.000,0.665,-0.118,-0.126,0,0
18:21:09.105,SEARCHING,9.845,-0.151,1.943,0.00,0.00,-7.08,1.723,1.785,2.397,1.787,2.142,0,NONE,SEARCHING,0.000,0.645,-0.114,-0.129,0,0
18:21:09.304,SEARCHING,9.883,-0.156,1.920,0.00,0.00,-7.53,1.704,1.762,2.370,1.772,2.087,0,NONE,SEARCHING,0.000,0.627,-0.108,-0.130,0,0
18:21:09.507,SEARCHING,9.920,-0.161,1.899,0.00,0.00,-7.98,1.657,1.768,2.338,1.759,2.018,0,NONE,SEARCHING,0.000,0.614,-0.097,-0.135,0,0
18:21:09.709,SEARCHING,9.956,-0.166,1.881,0.00,0.00,-8.45,1.702,1.772,2.306,1.754,1.966,0,NONE,SEARCHING,0.000,0.614,-0.083,-0.132,0,0
18:21:09.910,SEARCHING,9.995,-0.172,1.865,0.00,0.00,-8.73,3.147,4.603,2.269,1.736,1.908,0,NONE,SEARCHING,0.000,0.737,-0.070,0.007,0,0
18:21:10.112,SEARCHING,10.041,-0.179,1.852,0.00,0.00,-8.54,3.344,4.920,2.248,1.711,1.881,0,NONE,SEARCHING,0.000,0.785,-0.064,0.087,0,0
18:21:10.315,SEARCHING,10.088,-0.186,1.839,0.00,0.00,-8.19,3.349,5.062,2.244,1.656,1.860,0,NONE,SEARCHING,0.000,0.796,-0.073,0.110,0,0
18:21:10.515,SEARCHING,10.135,-0.192,1.824,0.00,0.00,-7.80,3.362,5.177,2.225,1.607,1.826,0,NONE,SEARCHING,0.000,0.799,-0.083,0.118,0,0
18:21:10.718,SEARCHING,10.183,-0.199,1.806,0.00,0.00,-7.39,3.274,5.375,2.232,1.563,1.773,0,NONE,SEARCHING,0.000,0.800,-0.090,0.117,0,0
18:21:10.918,SEARCHING,10.230,-0.205,1.788,0.00,0.00,-7.00,3.195,5.576,2.256,1.522,1.721,0,NONE,SEARCHING,0.000,0.800,-0.091,0.110,0,0
18:21:11.121,SEARCHING,10.278,-0.210,1.770,0.00,0.00,-6.63,3.145,5.825,2.264,1.473,1.676,0,NONE,SEARCHING,0.000,0.800,-0.094,0.102,0,0
18:21:11.324,SEARCHING,10.326,-0.216,1.750,0.00,0.00,-6.29,3.123,6.075,2.311,1.421,1.637,0,NONE,SEARCHING,0.000,0.800,-0.105,0.094,0,0
18:21:11.525,SEARCHING,10.374,-0.221,1.729,0.00,0.00,-5.98,3.092,6.374,2.371,1.376,1.570,0,NONE,SEARCHING,0.000,0.800,-0.108,0.086,0,0
18:21:11.728,SEARCHING,10.421,-0.226,1.707,0.00,0.00,-5.70,3.023,6.573,2.385,1.325,1.508,0,NONE,SEARCHING,0.000,0.800,-0.109,0.076,0,0
18:21:11.929,SEARCHING,10.469,-0.231,1.685,0.00,0.00,-5.44,3.040,6.698,2.366,1.276,1.468,0,NONE,SEARCHING,0.000,0.800,-0.115,0.074,0,0
18:21:12.129,SEARCHING,10.517,-0.235,1.662,0.00,0.00,-5.19,3.012,6.605,2.344,1.240,1.401,0,NONE,SEARCHING,0.000,0.800,-0.116,0.075,0,0
18:21:12.331,SEARCHING,10.565,-0.239,1.639,0.00,0.00,-4.93,2.978,6.498,2.354,1.224,1.353,0,NONE,SEARCHING,0.000,0.800,-0.108,0.073,0,0
18:21:12.537,SEARCHING,10.628,-0.245,1.619,0.00,0.00,-4.61,2.975,6.292,2.408,1.229,1.287,0,NONE,SEARCHING,0.000,0.800,-0.062,0.067,0,0
18:21:12.738,SEARCHING,10.676,-0.249,1.622,0.00,0.00,-4.38,2.937,6.315,2.403,3.486,1.249,0,NONE,SEARCHING,0.000,0.800,0.283,0.063,0,0
18:21:12.941,SEARCHING,10.724,-0.252,1.700,0.00,0.00,-4.17,2.934,6.430,2.441,1.756,1.355,0,NONE,SEARCHING,0.000,0.800,0.383,0.059,0,0
18:21:13.146,SEARCHING,10.772,-0.256,1.754,0.00,0.00,-3.98,2.911,6.369,2.526,1.139,1.535,0,NONE,SEARCHING,0.000,0.800,-0.007,0.049,0,0
18:21:13.346,SEARCHING,10.820,-0.259,1.730,0.00,0.00,-3.83,2.904,6.253,2.549,1.009,1.589,0,NONE,SEARCHING,0.000,0.800,-0.297,0.041,0,0
18:21:13.549,SEARCHING,10.868,-0.262,1.681,0.00,0.00,-3.69,2.870,6.196,2.540,3.049,1.488,0,NONE,SEARCHING,0.000,0.800,0.063,0.038,0,0
18:21:13.751,SEARCHING,10.916,-0.265,1.722,0.00,0.00,-3.57,2.858,6.121,2.533,3.890,1.486,0,NONE,SEARCHING,0.000,0.800,0.386,0.036,0,0
18:21:13.951,SEARCHING,10.964,-0.268,1.804,0.00,0.00,-3.44,2.823,6.139,2.532,1.921,1.612,0,NONE,SEARCHING,0.000,0.800,0.316,0.034,0,0
18:21:14.154,SEARCHING,11.012,-0.271,1.839,0.00,0.00,-3.33,2.796,6.041,2.547,0.986,1.786,0,NONE,SEARCHING,0.000,0.800,-0.185,0.030,0,0
18:21:14.358,SEARCHING,11.059,-0.274,1.769,0.00,0.00,-3.23,2.768,5.895,2.561,2.362,1.725,0,NONE,SEARCHING,0.000,0.800,-0.294,0.027,0,0
18:21:14.559,SEARCHING,11.107,-0.276,1.749,0.00,0.00,-3.15,2.778,5.874,2.544,3.551,1.611,0,NONE,SEARCHING,0.000,0.800,0.193,0.025,0,0
18:21:14.759,SEARCHING,11.155,-0.279,1.803,0.00,0.00,-3.06,2.773,5.837,2.595,3.806,1.664,0,NONE,SEARCHING,0.000,0.800,0.360,0.023,0,0
18:21:14.962,SEARCHING,11.203,-0.281,1.877,0.00,0.00,-2.99,2.761,5.785,2.626,2.809,1.811,0,NONE,SEARCHING,0.000,0.800,0.333,0.019,0,0
18:21:15.165,SEARCHING,11.251,-0.284,1.920,0.00,0.00,-2.93,2.765,5.812,2.639,0.960,1.973,0,NONE,SEARCHING,0.000,0.800,-0.180,0.015,0,0
18:21:15.893,SEARCHING,11.299,-0.286,1.853,0.00,0.00,-2.88,2.744,5.765,2.635,0.749,2.014,0,NONE,SEARCHING,0.000,0.800,-0.569,0.013,0,0
18:21:15.992,SEARCHING,11.347,-0.289,1.725,0.00,0.00,-2.84,2.744,5.765,2.635,0.749,2.014,0,NONE,SEARCHING,0.000,0.800,-0.669,0.012,0,0
18:21:16.178,SEARCHING,11.395,-0.291,1.619,0.00,0.00,-2.79,2.743,5.511,2.597,3.584,1.459,0,NONE,SEARCHING,0.000,0.800,-0.020,0.015,0,0
18:21:16.377,SEARCHING,11.443,-0.293,1.657,0.00,0.00,-2.74,2.750,5.518,2.597,4.110,1.321,0,NONE,SEARCHING,0.000,0.800,0.439,0.017,0,0
18:21:16.579,SEARCHING,11.491,-0.296,1.756,0.00,0.00,-2.68,2.761,5.530,2.615,4.056,1.429,0,NONE,SEARCHING,0.000,0.800,0.538,0.017,0,0
18:21:16.780,SEARCHING,11.539,-0.298,1.862,0.00,0.00,-2.62,2.760,5.462,2.619,3.806,1.668,0,NONE,SEARCHING,0.000,0.800,0.466,0.016,0,0
18:21:16.980,SEARCHING,11.587,-0.300,1.948,0.00,0.00,-2.56,2.767,5.412,2.608,3.490,1.973,0,NONE,SEARCHING,0.000,0.800,0.347,0.017,0,0
18:21:17.184,SEARCHING,11.635,-0.302,2.009,0.00,0.00,-2.51,2.750,5.356,2.647,3.356,2.111,0,NONE,SEARCHING,0.000,0.800,0.256,0.015,0,0
18:21:17.385,SEARCHING,11.683,-0.304,2.056,0.00,0.00,-2.47,2.722,5.300,2.690,3.191,2.600,0,NONE,SEARCHING,0.000,0.800,0.169,0.009,0,0
18:21:17.587,SEARCHING,11.731,-0.306,2.080,0.00,0.00,-2.44,2.702,5.217,2.692,3.109,3.230,0,NONE,SEARCHING,0.000,0.800,0.049,0.004,0,0
18:21:17.788,SEARCHING,11.779,-0.308,2.086,0.00,0.00,-2.44,2.680,5.239,2.676,3.052,3.485,0,NONE,SEARCHING,0.000,0.800,0.012,0.001,0,0
18:21:17.992,SEARCHING,11.827,-0.311,2.086,0.00,0.00,-2.43,2.660,5.210,2.661,3.029,3.565,0,NONE,SEARCHING,0.000,0.800,-0.035,0.000,0,0
18:21:18.194,SEARCHING,11.875,-0.313,2.077,0.00,0.00,-2.43,2.685,5.202,2.643,3.044,3.621,0,NONE,SEARCHING,0.000,0.800,-0.056,0.002,0,0
18:21:18.396,SEARCHING,11.922,-0.315,2.065,0.00,0.00,-2.42,2.665,5.168,2.628,3.077,3.605,0,NONE,SEARCHING,0.000,0.800,-0.058,0.004,0,0
18:21:18.597,SEARCHING,11.970,-0.317,2.054,0.00,0.00,-2.41,2.667,5.195,2.641,3.098,3.564,0,NONE,SEARCHING,0.000,0.800,-0.055,0.004,0,0
18:21:18.799,SEARCHING,12.018,-0.319,2.045,0.00,0.00,-2.40,2.669,5.199,2.683,3.125,3.521,0,NONE,SEARCHING,0.000,0.800,-0.018,0.001,0,0
18:21:19.000,SEARCHING,12.122,-0.323,2.043,0.00,0.00,-2.40,2.697,5.200,2.667,3.150,3.548,0,NONE,SEARCHING,0.000,0.800,-0.004,0.001,0,0
18:21:19.200,SEARCHING,12.282,-0.330,2.043,0.00,0.00,-2.38,2.734,5.200,2.693,3.160,3.675,0,NONE,SEARCHING,0.000,0.800,-0.017,0.004,0,0
18:21:19.403,SEARCHING,12.330,-0.332,2.038,0.00,0.00,-2.37,2.728,5.200,2.722,3.152,3.720,0,NONE,SEARCHING,0.000,0.800,-0.048,0.003,0,0
18:21:19.605,SEARCHING,12.378,-0.334,2.027,0.00,0.00,-2.37,2.730,5.124,2.727,3.174,3.726,0,NONE,SEARCHING,0.000,0.800,-0.055,0.001,0,0
18:21:19.806,SEARCHING,12.426,-0.336,2.016,0.00,0.00,-2.36,2.727,5.138,2.720,3.177,3.709,0,NONE,SEARCHING,0.000,0.800,-0.055,0.001,0,0
18:21:20.007,SEARCHING,12.474,-0.338,2.005,0.00,0.00,-2.36,2.725,5.168,2.716,3.178,3.701,0,NONE,SEARCHING,0.000,0.800,-0.054,0.001,0,0
18:21:20.208,SEARCHING,12.522,-0.340,1.995,0.00,0.00,-2.36,2.716,5.160,2.748,3.235,3.664,0,NONE,SEARCHING,0.000,0.800,-0.037,-0.001,0,0
18:21:20.411,SEARCHING,12.570,-0.342,1.990,0.00,0.00,-2.37,2.713,5.167,2.754,3.256,3.694,0,NONE,SEARCHING,0.000,0.800,-0.009,-0.003,0,0
18:21:20.612,SEARCHING,12.730,-0.348,1.990,0.00,0.00,-2.40,2.703,5.178,2.747,3.278,3.769,0,NONE,SEARCHING,0.000,0.800,-0.002,-0.004,0,0
18:21:20.812,SEARCHING,12.834,-0.353,1.988,0.00,0.00,-2.43,2.677,5.376,2.697,3.279,3.860,0,NONE,SEARCHING,0.000,0.800,-0.036,-0.004,0,0
18:21:21.016,SEARCHING,12.882,-0.355,1.980,0.00,0.00,-2.44,2.673,5.427,2.693,3.298,3.896,0,NONE,SEARCHING,0.000,0.800,-0.051,-0.002,0,0
18:21:21.217,SEARCHING,12.930,-0.357,1.969,0.00,0.00,-2.45,2.682,5.431,2.711,3.313,3.881,0,NONE,SEARCHING,0.000,0.800,-0.053,-0.003,0,0
18:21:21.418,SEARCHING,12.978,-0.359,1.958,0.00,0.00,-2.46,2.700,5.414,2.703,3.306,3.879,0,NONE,SEARCHING,0.000,0.800,-0.053,-0.002,0,0
18:21:21.621,SEARCHING,13.026,-0.361,1.950,0.00,0.00,-2.47,2.693,5.414,2.663,3.332,3.843,0,NONE,SEARCHING,0.000,0.800,-0.018,0.000,0,0
18:21:21.825,SEARCHING,13.129,-0.365,1.948,0.00,0.00,-2.46,2.662,5.350,2.662,3.374,3.838,0,NONE,SEARCHING,0.000,0.800,-0.004,0.001,0,0
18:21:22.024,SEARCHING,13.289,-0.372,1.948,0.00,0.00,-2.45,2.613,5.323,2.712,3.375,3.869,0,NONE,SEARCHING,0.000,0.800,-0.001,-0.006,0,0
18:21:22.225,SEARCHING,13.449,-0.379,1.948,0.00,0.00,-2.53,2.589,5.259,2.705,3.372,3.925,0,NONE,SEARCHING,0.000,0.800,-0.015,-0.011,0,0
18:21:22.427,SEARCHING,13.497,-0.381,1.943,0.00,0.00,-2.57,2.592,5.210,2.735,3.366,3.949,0,NONE,SEARCHING,0.000,0.800,-0.043,-0.015,0,0
18:21:22.629,SEARCHING,13.545,-0.383,1.934,0.00,0.00,-2.63,2.601,5.202,2.743,3.365,3.946,0,NONE,SEARCHING,0.000,0.800,-0.050,-0.016,0,0
18:21:22.829,SEARCHING,13.593,-0.386,1.923,0.00,0.00,-2.68,2.600,5.176,2.757,3.403,3.945,0,NONE,SEARCHING,0.000,0.800,-0.036,-0.017,0,0
18:21:23.031,SEARCHING,13.641,-0.388,1.919,0.00,0.00,-2.74,2.600,5.196,2.738,3.447,3.945,0,NONE,SEARCHING,0.000,0.800,-0.009,-0.017,0,0
18:21:23.234,SEARCHING,13.801,-0.396,1.919,0.00,0.00,-2.93,2.565,5.153,2.801,3.464,3.991,0,NONE,SEARCHING,0.000,0.800,-0.002,-0.019,0,0
18:21:23.436,SEARCHING,13.960,-0.404,1.919,0.00,0.00,-3.17,2.568,5.117,2.923,3.432,4.010,0,NONE,SEARCHING,0.000,0.800,-0.016,-0.030,0,0
18:21:23.637,SEARCHING,14.008,-0.407,1.915,0.00,0.00,-3.28,2.540,5.127,2.949,3.457,4.014,0,NONE,SEARCHING,0.000,0.800,-0.009,-0.038,0,0
18:21:23.838,SEARCHING,14.168,-0.417,1.915,0.00,0.00,-3.73,2.499,5.076,2.940,3.477,4.014,0,NONE,SEARCHING,0.000,0.800,-0.002,-0.045,0,0
18:21:24.039,SEARCHING,14.272,-0.424,1.914,0.00,0.00,-4.07,2.426,4.977,2.907,3.469,4.074,0,NONE,SEARCHING,0.000,0.800,-0.034,-0.050,0,0
18:21:24.242,SEARCHING,14.320,-0.427,1.905,0.00,0.00,-4.25,2.386,4.898,2.910,3.435,4.084,0,NONE,SEARCHING,0.000,0.800,-0.049,-0.057,0,0
18:21:24.445,SEARCHING,14.368,-0.431,1.895,0.00,0.00,-4.45,2.357,4.851,2.891,3.463,4.057,0,NONE,SEARCHING,0.000,0.800,-0.051,-0.060,0,0
18:21:24.646,SEARCHING,14.415,-0.434,1.887,0.00,0.00,-4.67,2.320,4.809,2.885,3.490,4.025,0,NONE,SEARCHING,0.000,0.800,-0.018,-0.065,0,0
18:21:24.848,SEARCHING,14.519,-0.443,1.885,0.00,0.00,-5.16,2.286,4.784,2.862,3.526,4.016,0,NONE,SEARCHING,0.000,0.800,-0.004,-0.068,0,0
18:21:25.049,SEARCHING,14.678,-0.459,1.885,0.00,0.00,-5.94,2.173,4.579,2.798,3.525,4.020,0,NONE,SEARCHING,0.000,0.800,-0.001,-0.076,0,0
18:21:25.249,SEARCHING,14.837,-0.476,1.885,0.00,0.00,-6.82,2.063,4.415,2.690,3.494,4.068,0,NONE,SEARCHING,0.000,0.800,-0.000,-0.084,0,0
18:21:25.452,SEARCHING,14.996,-0.496,1.885,0.00,0.00,-7.79,2.377,4.258,2.597,3.516,4.069,0,NONE,SEARCHING,0.000,0.800,-0.000,-0.070,0,0
18:21:25.655,SEARCHING,15.154,-0.519,1.885,0.00,0.00,-8.51,2.708,4.063,2.459,3.561,4.015,0,NONE,SEARCHING,0.000,0.800,-0.000,-0.006,0,0
18:21:25.857,SEARCHING,15.313,-0.543,1.885,0.00,0.00,-8.53,2.757,3.852,2.520,3.537,3.871,0,NONE,SEARCHING,0.000,0.800,-0.000,0.020,0,0
18:21:26.057,SEARCHING,15.471,-0.567,1.885,0.00,0.00,-8.30,2.791,3.747,2.730,3.535,3.771,0,NONE,SEARCHING,0.000,0.800,-0.000,0.017,0,0
18:21:26.258,SEARCHING,15.629,-0.589,1.885,0.00,0.00,-8.13,2.739,3.614,2.900,3.508,3.631,0,NONE,SEARCHING,0.000,0.800,-0.000,-0.003,0,0
18:21:26.459,SEARCHING,15.788,-0.612,1.885,0.00,0.00,-8.18,2.696,3.469,2.972,3.419,3.488,0,NONE,SEARCHING,0.000,0.800,-0.000,-0.019,0,0
18:21:26.662,SEARCHING,15.946,-0.635,1.885,0.00,0.00,-8.41,2.676,3.409,2.877,3.318,3.364,0,NONE,SEARCHING,0.000,0.800,-0.000,-0.023,0,0
18:21:26.863,SEARCHING,16.104,-0.659,1.885,0.00,0.00,-8.67,2.722,3.273,2.773,3.231,3.241,0,NONE,SEARCHING,0.000,0.800,-0.000,-0.015,0,0
18:21:27.062,SEARCHING,16.262,-0.683,1.885,0.00,0.00,-8.81,2.695,3.100,2.586,3.100,3.080,0,NONE,SEARCHING,0.000,0.800,-0.000,0.002,0,0
18:21:27.264,SEARCHING,16.421,-0.708,1.885,0.00,0.00,-8.78,2.671,2.975,2.438,2.989,2.978,0,NONE,SEARCHING,0.000,0.800,-0.000,0.017,0,0
18:21:27.466,SEARCHING,16.579,-0.732,1.885,0.00,0.00,-8.56,2.619,2.865,2.283,2.873,2.849,0,NONE,SEARCHING,0.000,0.800,-0.000,0.034,0,0
18:21:27.670,SEARCHING,16.737,-0.755,1.885,0.00,0.00,-8.15,2.589,2.764,2.122,2.752,2.748,0,NONE,SEARCHING,0.000,0.800,-0.000,0.054,0,0
18:21:27.872,SEARCHING,16.895,-0.777,1.885,0.00,0.00,-7.53,2.551,2.608,1.993,2.621,2.606,0,NONE,SEARCHING,0.000,0.800,-0.000,0.075,0,0
18:21:28.073,SEARCHING,17.054,-0.797,1.885,0.00,0.00,-6.65,2.453,2.499,1.913,2.503,2.490,0,NONE,SEARCHING,0.000,0.800,-0.000,0.087,0,0
18:21:28.274,SEARCHING,17.213,-0.814,1.885,0.00,0.00,-5.64,2.413,2.391,1.813,2.399,2.391,0,NONE,SEARCHING,0.000,0.800,-0.000,0.100,0,0
18:21:28.476,SEARCHING,17.373,-0.829,1.885,0.00,0.00,-4.41,3.328,2.308,1.740,2.313,2.324,0,NONE,SEARCHING,0.000,0.800,-0.000,0.170,0,0
18:21:28.678,SEARCHING,17.532,-0.839,1.885,0.00,0.00,-2.38,3.638,2.261,1.656,2.268,2.272,0,NONE,SEARCHING,0.000,0.800,-0.000,0.230,0,0
18:21:28.879,SEARCHING,17.692,-0.842,1.885,0.00,0.00,0.31,3.326,2.219,1.607,2.216,2.217,0,NONE,SEARCHING,0.000,0.800,-0.000,0.258,0,0
18:21:29.082,SEARCHING,17.852,-0.837,1.885,0.00,0.00,3.18,2.041,2.219,1.576,2.219,2.235,0,NONE,SEARCHING,0.000,0.800,-0.000,0.182,0,0
18:21:29.283,SEARCHING,18.012,-0.826,1.885,0.00,0.00,5.16,1.708,2.235,1.534,2.234,2.230,0,NONE,SEARCHING,0.000,0.800,-0.000,0.102,0,0
18:21:29.483,SEARCHING,18.171,-0.810,1.885,0.00,0.00,6.26,2.364,2.179,1.476,2.182,2.185,0,NONE,SEARCHING,0.000,0.800,-0.000,0.102,0,0
18:21:29.686,SEARCHING,18.330,-0.791,1.885,0.00,0.00,7.69,3.958,2.093,1.426,2.084,2.104,0,NONE,SEARCHING,0.000,0.790,-0.000,0.263,0,0
18:21:29.889,SEARCHING,18.485,-0.767,1.885,0.00,0.00,10.83,4.207,2.119,1.399,2.140,2.129,0,NONE,SEARCHING,0.000,0.775,-0.000,0.348,0,0
18:21:30.094,SEARCHING,18.637,-0.733,1.885,0.00,0.00,14.86,3.979,2.209,1.395,2.208,2.217,0,NONE,SEARCHING,0.000,0.792,-0.000,0.371,0,0
18:21:30.300,SEARCHING,18.736,-0.704,1.888,0.00,0.00,17.50,1.714,3.228,1.444,2.993,2.277,0,NONE,SEARCHING,0.000,0.798,0.061,0.235,0,0
18:21:30.515,SEARCHING,18.781,-0.690,1.906,0.00,0.00,17.95,1.609,3.607,1.460,3.410,2.274,0,NONE,SEARCHING,0.000,0.800,0.135,0.066,0,0
18:21:30.722,SEARCHING,18.827,-0.675,1.936,0.00,0.00,18.31,3.065,3.752,1.448,3.418,2.214,0,NONE,SEARCHING,0.000,0.800,0.172,0.190,0,0
18:21:30.928,SEARCHING,18.873,-0.659,1.972,0.00,0.00,19.14,3.315,3.861,1.451,3.368,2.173,0,NONE,SEARCHING,0.000,0.800,0.191,0.279,0,0
18:21:31.137,SEARCHING,18.918,-0.643,2.011,0.00,0.00,20.15,3.337,4.732,1.457,3.280,2.129,0,NONE,SEARCHING,0.000,0.800,0.196,0.302,0,0
18:21:31.347,SEARCHING,18.963,-0.627,2.050,0.00,0.00,21.20,3.315,5.678,1.473,3.198,2.123,0,NONE,SEARCHING,0.000,0.800,0.194,0.304,0,0
18:21:31.551,SEARCHING,19.007,-0.609,2.089,0.00,0.00,22.23,3.296,5.889,1.504,3.101,2.154,0,NONE,SEARCHING,0.000,0.800,0.182,0.297,0,0
18:21:31.762,SEARCHING,19.052,-0.590,2.124,0.00,0.00,23.24,3.279,5.508,1.532,3.021,2.209,0,NONE,SEARCHING,0.000,0.800,0.162,0.286,0,0
18:21:31.974,SEARCHING,19.096,-0.571,2.155,0.00,0.00,24.21,3.253,5.292,1.542,2.964,2.240,0,NONE,SEARCHING,0.000,0.800,0.143,0.278,0,0
18:21:32.182,SEARCHING,19.139,-0.551,2.182,0.00,0.00,25.15,3.217,5.038,1.563,2.873,2.290,0,NONE,SEARCHING,0.000,0.800,0.122,0.267,0,0
18:21:32.392,SEARCHING,19.183,-0.531,2.205,0.00,0.00,26.06,3.200,4.835,1.552,2.795,2.367,0,NONE,SEARCHING,0.000,0.800,0.095,0.264,0,0
18:21:32.606,SEARCHING,19.226,-0.509,2.222,0.00,0.00,26.97,3.187,4.778,1.530,2.732,2.430,0,NONE,SEARCHING,0.000,0.800,0.070,0.270,0,0
18:21:32.816,SEARCHING,19.268,-0.487,2.234,0.00,0.00,27.89,3.116,4.675,1.856,2.701,2.461,0,NONE,SEARCHING,0.000,0.800,0.040,0.237,0,0
18:21:33.023,SEARCHING,19.311,-0.465,2.240,0.00,0.00,28.55,3.093,4.577,2.636,2.670,2.483,0,NONE,SEARCHING,0.000,0.800,0.010,0.116,0,0
18:21:33.236,SEARCHING,19.450,-0.387,2.240,0.00,0.00,29.76,3.002,4.394,2.695,2.659,2.486,0,NONE,SEARCHING,0.000,0.800,0.002,0.053,0,0
18:21:33.445,SEARCHING,19.589,-0.307,2.240,0.00,0.00,30.32,2.859,4.197,2.733,2.640,2.487,0,NONE,SEARCHING,0.000,0.800,0.001,0.029,0,0
18:21:33.649,SEARCHING,19.761,-0.205,2.240,0.00,0.00,30.40,2.750,4.015,6.141,2.644,2.490,0,NONE,SEARCHING,0.000,0.800,0.000,-0.080,0,0
18:21:33.849,SEARCHING,19.865,-0.145,2.240,0.00,0.00,29.50,2.550,3.947,7.491,2.653,2.487,0,NONE,SEARCHING,0.000,0.800,0.000,-0.165,0,0
18:21:34.051,SEARCHING,20.005,-0.068,2.240,0.00,0.00,27.55,2.371,3.870,7.300,2.659,2.498,0,NONE,SEARCHING,0.000,0.800,0.000,-0.207,0,0
18:21:34.252,SEARCHING,20.149,0.003,2.240,0.00,0.00,25.15,2.167,3.928,6.744,2.619,2.497,0,NONE,SEARCHING,0.000,0.800,0.000,-0.233,0,0
18:21:34.455,SEARCHING,20.295,0.068,2.240,0.00,0.00,22.46,2.104,4.347,5.050,2.648,2.489,0,NONE,SEARCHING,0.000,0.800,0.000,-0.242,0,0
18:21:34.658,SEARCHING,20.444,0.126,2.240,0.00,0.00,19.84,2.635,5.407,2.517,2.623,2.487,0,NONE,SEARCHING,0.000,0.800,0.000,-0.102,0,0
18:21:34.862,SEARCHING,20.595,0.179,2.240,0.00,0.00,18.93,2.778,6.310,1.996,2.624,2.487,0,NONE,SEARCHING,0.000,0.800,0.000,0.041,0,0
18:21:35.064,SEARCHING,20.746,0.231,2.240,0.00,0.00,19.49,2.757,6.589,3.079,2.639,2.479,0,NONE,SEARCHING,0.000,0.800,0.000,0.059,0,0
18:21:35.265,SEARCHING,20.897,0.286,2.240,0.00,0.00,19.97,2.645,6.217,5.532,2.625,2.486,0,NONE,SEARCHING,0.000,0.800,0.000,-0.084,0,0
18:21:35.466,SEARCHING,21.047,0.339,2.240,0.00,0.00,18.92,2.587,6.400,5.721,2.652,2.508,0,NONE,SEARCHING,0.000,0.800,0.000,-0.146,0,0
18:21:35.670,SEARCHING,21.199,0.389,2.240,0.00,0.00,17.23,2.532,7.699,5.443,2.634,2.513,0,NONE,SEARCHING,0.000,0.800,0.000,-0.164,0,0
18:21:35.871,SEARCHING,21.353,0.434,2.240,0.00,0.00,15.34,2.505,8.058,5.254,2.643,2.497,0,NONE,SEARCHING,0.000,0.800,0.000,-0.167,0,0
18:21:36.072,SEARCHING,21.508,0.474,2.240,0.00,0.00,13.43,2.588,7.919,4.967,2.643,2.481,0,NONE,SEARCHING,0.000,0.800,0.000,-0.159,0,0
18:21:36.273,SEARCHING,21.664,0.509,2.240,0.00,0.00,11.65,3.072,7.475,4.679,2.572,2.473,0,NONE,SEARCHING,0.000,0.800,0.000,-0.120,0,0
18:21:36.475,SEARCHING,21.821,0.540,2.240,0.00,0.00,10.32,3.364,7.279,4.481,2.570,2.479,0,NONE,SEARCHING,0.000,0.800,0.000,-0.084,0,0
18:21:36.676,SEARCHING,21.979,0.567,2.240,0.00,0.00,9.40,3.724,7.014,4.301,2.625,2.486,0,NONE,SEARCHING,0.000,0.800,0.000,-0.049,0,0
18:21:36.878,SEARCHING,22.137,0.593,2.240,0.00,0.00,8.88,4.083,6.839,4.189,2.595,2.488,0,NONE,SEARCHING,0.000,0.800,0.000,-0.023,0,0
18:21:37.078,SEARCHING,22.295,0.617,2.240,0.00,0.00,8.65,4.338,6.748,4.124,2.634,2.500,0,NONE,SEARCHING,0.000,0.800,0.000,-0.002,0,0
18:21:37.281,SEARCHING,22.453,0.641,2.240,0.00,0.00,8.64,4.543,6.607,4.100,2.605,2.489,0,NONE,SEARCHING,0.000,0.800,0.000,0.011,0,0
18:21:37.483,SEARCHING,22.611,0.665,2.240,0.00,0.00,8.78,4.655,6.430,4.034,2.606,2.479,0,NONE,SEARCHING,0.000,0.800,0.000,0.021,0,0
18:21:37.683,SEARCHING,22.769,0.690,2.240,0.00,0.00,9.03,4.717,6.368,3.997,2.605,2.472,0,NONE,SEARCHING,0.000,0.800,0.000,0.027,0,0
18:21:37.886,SEARCHING,22.927,0.715,2.240,0.00,0.00,9.34,4.891,6.321,3.920,2.590,2.472,0,NONE,SEARCHING,0.000,0.800,0.000,0.033,0,0
18:21:38.087,SEARCHING,23.085,0.742,2.240,0.00,0.00,9.73,6.351,6.101,3.888,2.608,2.838,0,NONE,SEARCHING,0.000,0.800,0.000,0.054,0,0
18:21:38.289,SEARCHING,23.187,0.760,2.236,0.00,0.00,10.14,7.817,6.105,3.880,2.635,3.640,0,NONE,SEARCHING,0.000,0.800,-0.071,0.086,0,0
18:21:38.491,SEARCHING,23.235,0.768,2.217,0.00,0.00,10.47,8.083,6.047,3.902,2.656,3.762,0,NONE,SEARCHING,0.000,0.800,-0.118,0.100,0,0
18:21:38.692,SEARCHING,23.282,0.777,2.192,0.00,0.00,10.82,8.157,6.126,3.882,2.697,3.758,0,NONE,SEARCHING,0.000,0.800,-0.127,0.106,0,0
18:21:38.892,SEARCHING,23.329,0.786,2.168,0.00,0.00,11.19,7.840,6.125,3.859,2.727,3.613,0,NONE,SEARCHING,0.000,0.800,-0.115,0.107,0,0
18:21:39.095,SEARCHING,23.376,0.796,2.146,0.00,0.00,11.56,7.799,6.134,3.842,2.873,3.489,0,NONE,SEARCHING,0.000,0.800,-0.094,0.106,0,0
18:21:39.296,SEARCHING,23.423,0.805,2.129,0.00,0.00,11.92,7.799,6.176,3.872,2.964,3.416,0,NONE,SEARCHING,0.000,0.800,-0.067,0.104,0,0
18:21:39.498,SEARCHING,23.470,0.815,2.117,0.00,0.00,12.28,7.374,6.131,3.899,2.984,3.403,0,NONE,SEARCHING,0.000,0.800,-0.040,0.101,0,0
18:21:39.699,SEARCHING,23.517,0.826,2.109,0.00,0.00,12.61,7.211,6.175,3.924,2.946,3.457,0,NONE,SEARCHING,0.000,0.800,-0.049,0.096,0,0
18:21:39.899,SEARCHING,23.618,0.849,2.104,0.00,0.00,13.31,6.896,6.149,3.978,2.975,3.519,0,NONE,SEARCHING,0.000,0.800,-0.057,0.090,0,0
18:21:40.100,SEARCHING,23.774,0.887,2.104,0.00,0.00,14.34,6.546,6.178,3.951,2.969,3.668,0,NONE,SEARCHING,0.000,0.800,-0.070,0.085,0,0
18:21:40.302,SEARCHING,23.928,0.928,2.104,0.00,0.00,15.30,6.121,6.314,3.967,2.988,3.901,0,NONE,SEARCHING,0.000,0.800,-0.083,0.076,0,0
18:21:40.505,SEARCHING,24.082,0.971,2.104,0.00,0.00,16.16,6.114,6.244,4.027,2.967,4.033,0,NONE,SEARCHING,0.000,0.800,-0.097,0.070,0,0
18:21:40.708,SEARCHING,24.236,1.017,2.104,0.00,0.00,16.96,6.409,6.194,4.038,2.969,4.126,0,NONE,SEARCHING,0.000,0.800,-0.107,0.072,0,0
18:21:40.908,SEARCHING,24.388,1.064,2.104,0.00,0.00,17.78,6.286,6.162,4.050,2.981,4.149,0,NONE,SEARCHING,0.000,0.800,-0.111,0.072,0,0
18:21:41.110,SEARCHING,24.541,1.114,2.104,0.00,0.00,18.60,6.255,6.108,4.043,2.885,4.263,0,NONE,SEARCHING,0.000,0.800,-0.122,0.070,0,0
18:21:41.314,SEARCHING,24.639,1.148,2.090,0.00,0.00,19.12,6.296,5.953,4.018,2.898,4.290,0,NONE,SEARCHING,0.000,0.800,-0.128,0.071,0,0
18:21:41.515,SEARCHING,24.684,1.163,2.065,0.00,0.00,19.37,6.334,5.882,3.994,3.047,4.246,0,NONE,SEARCHING,0.000,0.800,-0.121,0.072,0,0
18:21:41.715,SEARCHING,24.730,1.179,2.042,0.00,0.00,19.62,6.315,5.870,3.989,3.129,4.188,0,NONE,SEARCHING,0.000,0.800,-0.106,0.073,0,0
18:21:41.918,SEARCHING,24.775,1.196,2.021,0.00,0.00,19.87,6.227,5.868,3.958,3.174,4.143,0,NONE,SEARCHING,0.000,0.800,-0.096,0.074,0,0
18:21:42.119,SEARCHING,24.820,1.212,2.003,0.00,0.00,20.13,6.238,5.836,3.912,3.198,4.108,0,NONE,SEARCHING,0.000,0.800,-0.088,0.075,0,0
18:21:42.322,SEARCHING,24.865,1.229,1.986,0.00,0.00,20.39,6.368,5.830,3.933,3.241,4.061,0,NONE,SEARCHING,0.000,0.800,-0.080,0.077,0,0
18:21:42.524,SEARCHING,24.910,1.245,1.970,0.00,0.00,20.65,6.354,5.764,3.954,3.298,3.999,0,NONE,SEARCHING,0.000,0.800,-0.071,0.077,0,0
18:21:42.726,SEARCHING,24.955,1.262,1.957,0.00,0.00,20.91,6.394,5.753,3.935,3.345,3.969,0,NONE,SEARCHING,0.000,0.800,-0.062,0.077,0,0
18:21:42.926,SEARCHING,25.000,1.280,1.945,0.00,0.00,21.18,6.456,5.823,3.944,3.385,3.962,0,NONE,SEARCHING,0.000,0.800,-0.055,0.079,0,0
18:21:43.128,SEARCHING,25.044,1.297,1.934,0.00,0.00,21.45,6.440,5.797,3.992,3.365,3.928,0,NONE,SEARCHING,0.000,0.800,-0.053,0.077,0,0
18:21:43.330,SEARCHING,25.089,1.315,1.925,0.00,0.00,21.71,6.434,5.718,3.997,3.444,3.908,0,NONE,SEARCHING,0.000,0.800,-0.018,0.076,0,0
18:21:43.532,SEARCHING,25.185,1.353,1.924,0.00,0.00,22.28,6.333,5.658,3.969,3.478,3.932,0,NONE,SEARCHING,0.000,0.800,-0.004,0.076,0,0
18:21:43.733,SEARCHING,25.333,1.415,1.924,0.00,0.00,23.14,6.136,5.664,3.941,3.430,3.964,0,NONE,SEARCHING,0.000,0.800,-0.001,0.074,0,0
18:21:43.935,SEARCHING,25.480,1.479,1.924,0.00,0.00,23.99,6.159,5.634,3.949,3.445,4.008,0,NONE,SEARCHING,0.000,0.800,-0.000,0.073,0,0
18:21:44.136,SEARCHING,25.575,1.522,1.922,0.00,0.00,24.53,5.962,5.550,3.946,3.361,4.024,0,NONE,SEARCHING,0.000,0.800,-0.037,0.071,0,0
18:21:44.338,SEARCHING,25.618,1.542,1.915,0.00,0.00,24.77,5.947,5.508,3.945,3.404,4.015,0,NONE,SEARCHING,0.000,0.800,-0.031,0.069,0,0
18:21:44.542,SEARCHING,25.662,1.562,1.908,0.00,0.00,25.00,5.858,5.484,3.940,3.439,4.014,0,NONE,SEARCHING,0.000,0.800,-0.046,0.067,0,0
18:21:44.743,SEARCHING,25.705,1.582,1.900,0.00,0.00,25.23,5.959,5.405,3.906,3.416,4.014,0,NONE,SEARCHING,0.000,0.800,-0.032,0.069,0,0
18:21:44.943,SEARCHING,25.749,1.603,1.894,0.00,0.00,25.48,6.097,5.372,3.912,3.437,4.007,0,NONE,SEARCHING,0.000,0.800,-0.013,0.071,0,0
18:21:45.145,SEARCHING,25.842,1.648,1.893,0.00,0.00,26.01,6.105,5.439,3.916,3.496,4.014,0,NONE,SEARCHING,0.000,0.800,-0.003,0.073,0,0
18:21:45.346,SEARCHING,25.986,1.719,1.893,0.00,0.00,26.84,6.142,5.402,3.984,3.557,4.065,0,NONE,SEARCHING,0.000,0.800,-0.001,0.072,0,0
18:21:45.547,SEARCHING,26.128,1.792,1.893,0.00,0.00,27.66,6.330,5.288,3.944,3.532,4.132,0,NONE,SEARCHING,0.000,0.800,-0.000,0.072,0,0
18:21:45.751,SEARCHING,26.220,1.841,1.892,0.00,0.00,28.20,6.437,5.199,3.870,3.557,4.118,0,NONE,SEARCHING,0.000,0.800,-0.018,0.079,0,0
18:21:45.958,SEARCHING,26.311,1.890,1.890,0.00,0.00,28.81,7.009,5.237,3.823,3.569,4.121,0,NONE,SEARCHING,0.000,0.800,-0.004,0.088,0,0
18:21:46.161,SEARCHING,26.451,1.968,1.890,0.00,0.00,29.83,7.499,5.206,3.815,3.551,4.154,0,NONE,SEARCHING,0.000,0.800,-0.001,0.098,0,0
18:21:46.363,SEARCHING,26.589,2.049,1.890,0.00,0.00,30.96,7.817,5.190,3.758,3.533,4.159,0,NONE,SEARCHING,0.000,0.800,-0.016,0.105,0,0
18:21:46.562,SEARCHING,26.630,2.074,1.886,0.00,0.00,31.33,7.830,5.157,3.684,3.559,4.152,0,NONE,SEARCHING,0.000,0.800,-0.009,0.112,0,0
18:21:46.765,SEARCHING,26.766,2.159,1.886,0.00,0.00,32.62,7.791,5.220,3.657,3.471,4.159,0,NONE,SEARCHING,0.000,0.800,-0.019,0.114,0,0
18:21:46.969,SEARCHING,26.806,2.185,1.880,0.00,0.00,33.01,7.840,5.194,3.705,3.512,4.192,0,NONE,SEARCHING,0.000,0.800,-0.046,0.114,0,0
18:21:47.171,SEARCHING,26.846,2.211,1.871,0.00,0.00,33.40,7.805,5.219,3.699,3.574,4.164,0,NONE,SEARCHING,0.000,0.800,-0.036,0.114,0,0
18:21:47.373,SEARCHING,26.886,2.237,1.866,0.00,0.00,33.80,8.027,5.271,3.692,3.582,4.161,0,NONE,SEARCHING,0.000,0.800,-0.009,0.115,0,0
18:21:47.576,SEARCHING,27.019,2.328,1.866,0.00,0.00,35.12,7.998,5.261,3.623,3.573,4.160,0,NONE,SEARCHING,0.000,0.800,-0.002,0.117,0,0
18:21:47.777,SEARCHING,27.148,2.421,1.866,0.00,0.00,36.47,8.242,5.314,3.640,3.557,4.172,0,NONE,SEARCHING,0.000,0.800,-0.000,0.121,0,0
18:21:47.980,SEARCHING,27.232,2.484,1.864,0.00,0.00,37.37,8.024,5.347,3.636,3.590,4.230,0,NONE,SEARCHING,0.000,0.800,-0.034,0.121,0,0
18:21:48.181,SEARCHING,27.270,2.513,1.858,0.00,0.00,37.79,7.802,5.402,3.632,3.617,4.212,0,NONE,SEARCHING,0.000,0.800,-0.013,0.119,0,0
18:21:48.382,SEARCHING,27.308,2.542,1.854,0.00,0.00,38.19,7.727,5.443,3.595,3.582,4.184,0,NONE,SEARCHING,0.000,0.800,-0.025,0.118,0,0
18:21:48.585,SEARCHING,27.345,2.572,1.851,0.00,0.00,38.60,7.575,5.457,3.569,3.578,4.177,0,NONE,SEARCHING,0.000,0.800,-0.006,0.119,0,0
18:21:48.787,SEARCHING,27.469,2.673,1.851,0.00,0.00,39.96,7.221,5.572,3.625,3.634,4.182,0,NONE,SEARCHING,0.000,0.800,-0.001,0.115,0,0
18:21:48.991,SEARCHING,27.591,2.777,1.851,0.00,0.00,41.27,6.963,5.703,3.559,3.645,4.163,0,NONE,SEARCHING,0.000,0.800,-0.000,0.111,0,0
18:21:49.191,SEARCHING,27.710,2.884,1.851,0.00,0.00,42.53,6.537,5.815,3.611,3.646,4.184,0,NONE,SEARCHING,0.000,0.800,-0.000,0.105,0,0
18:21:49.395,SEARCHING,27.827,2.993,1.851,0.00,0.00,43.73,6.301,5.978,3.584,3.673,4.218,0,NONE,SEARCHING,0.000,0.800,-0.000,0.099,0,0
18:21:49.603,SEARCHING,27.941,3.105,1.851,0.00,0.00,44.86,5.859,6.160,3.553,3.533,4.224,0,NONE,SEARCHING,0.000,0.800,-0.017,0.094,0,0
18:21:49.812,SEARCHING,27.975,3.139,1.845,0.00,0.00,45.17,5.733,6.106,3.523,3.458,4.234,0,NONE,SEARCHING,0.000,0.800,-0.049,0.090,0,0
18:21:50.021,SEARCHING,28.009,3.173,1.834,0.00,0.00,45.47,5.723,6.122,3.582,3.549,4.190,0,NONE,SEARCHING,0.000,0.800,-0.057,0.086,0,0
18:21:50.223,SEARCHING,28.043,3.207,1.823,0.00,0.00,45.76,5.501,6.177,3.652,3.537,4.192,0,NONE,SEARCHING,0.000,0.800,-0.053,0.078,0,0
18:21:50.424,SEARCHING,28.076,3.242,1.814,0.00,0.00,46.01,5.448,6.183,3.674,3.514,4.164,0,NONE,SEARCHING,0.000,0.800,-0.034,0.073,0,0
18:21:50.626,SEARCHING,28.109,3.276,1.806,0.00,0.00,46.26,5.319,6.160,3.637,3.423,4.161,0,NONE,SEARCHING,0.000,0.800,-0.052,0.071,0,0
18:21:50.828,SEARCHING,28.143,3.311,1.795,0.00,0.00,46.51,5.321,6.181,3.617,3.443,4.122,0,NONE,SEARCHING,0.000,0.800,-0.056,0.071,0,0
18:21:51.029,SEARCHING,28.176,3.346,1.784,0.00,0.00,46.75,5.215,6.184,3.580,3.408,4.094,0,NONE,SEARCHING,0.000,0.800,-0.059,0.070,0,0
18:21:51.231,SEARCHING,28.208,3.381,1.772,0.00,0.00,46.99,5.227,6.149,3.588,3.331,4.065,0,NONE,SEARCHING,0.000,0.800,-0.061,0.070,0,0
18:21:51.432,SEARCHING,28.241,3.416,1.759,0.00,0.00,47.23,5.210,6.069,3.627,3.294,4.026,0,NONE,SEARCHING,0.000,0.800,-0.067,0.068,0,0
18:21:51.635,SEARCHING,28.274,3.451,1.746,0.00,0.00,47.46,5.111,6.027,3.607,3.259,3.995,0,NONE,SEARCHING,0.000,0.800,-0.065,0.067,0,0
18:21:51.837,SEARCHING,28.306,3.487,1.732,0.00,0.00,47.69,5.060,6.022,3.572,3.185,3.965,0,NONE,SEARCHING,0.000,0.800,-0.075,0.066,0,0
18:21:52.047,SEARCHING,28.338,3.522,1.718,0.00,0.00,47.92,5.057,5.975,3.581,3.192,3.949,0,NONE,SEARCHING,0.000,0.800,-0.072,0.066,0,0
18:21:52.260,SEARCHING,28.370,3.558,1.703,0.00,0.00,48.14,5.053,5.893,3.630,3.000,3.887,0,NONE,SEARCHING,0.000,0.800,-0.084,0.063,0,0
18:21:52.473,SEARCHING,28.402,3.594,1.686,0.00,0.00,48.36,4.987,5.871,3.632,3.079,3.860,0,NONE,SEARCHING,0.000,0.800,-0.082,0.061,0,0
18:21:52.681,SEARCHING,28.434,3.630,1.669,0.00,0.00,48.56,4.976,5.829,3.632,2.901,3.824,0,NONE,SEARCHING,0.000,0.800,-0.090,0.060,0,0
18:21:52.887,SEARCHING,28.466,3.666,1.650,0.00,0.00,48.77,4.889,5.729,3.598,2.932,3.762,0,NONE,SEARCHING,0.000,0.800,-0.093,0.059,0,0
18:21:53.101,SEARCHING,28.498,3.702,1.632,0.00,0.00,48.97,4.871,5.714,3.578,2.838,3.713,0,NONE,SEARCHING,0.000,0.800,-0.095,0.059,0,0
18:21:53.301,SEARCHING,28.529,3.738,1.613,0.00,0.00,49.18,4.869,5.618,3.588,2.802,3.677,0,NONE,SEARCHING,0.000,0.800,-0.101,0.059,0,0
18:21:53.502,SEARCHING,28.560,3.774,1.592,0.00,0.00,49.38,4.868,5.533,3.600,2.751,3.619,0,NONE,SEARCHING,0.000,0.800,-0.102,0.058,0,0
18:21:53.704,SEARCHING,28.592,3.811,1.572,0.00,0.00,49.58,4.795,5.531,3.579,2.650,3.570,0,NONE,SEARCHING,0.000,0.800,-0.111,0.057,0,0
18:21:53.905,SEARCHING,28.623,3.847,1.549,0.00,0.00,49.77,4.800,5.455,3.546,2.559,3.497,0,NONE,SEARCHING,0.000,0.800,-0.120,0.058,0,0
18:21:54.107,SEARCHING,28.654,3.884,1.524,0.00,0.00,49.97,4.771,5.449,3.597,2.568,3.440,0,NONE,SEARCHING,0.000,0.800,-0.121,0.057,0,0
18:21:54.307,SEARCHING,28.684,3.921,1.501,0.00,0.00,50.16,4.767,5.423,3.634,2.553,3.362,0,NONE,SEARCHING,0.000,0.800,-0.117,0.054,0,0
18:21:54.508,SEARCHING,28.715,3.958,1.477,0.00,0.00,50.35,4.747,5.338,3.632,2.529,3.313,0,NONE,SEARCHING,0.000,0.800,-0.114,0.053,0,0
18:21:54.709,SEARCHING,28.746,3.995,1.455,0.00,0.00,50.52,4.662,5.323,3.632,2.531,3.251,0,NONE,SEARCHING,0.000,0.800,-0.110,0.050,0,0
18:21:54.914,SEARCHING,28.776,4.032,1.433,0.00,0.00,50.69,4.600,5.322,3.616,2.590,3.203,0,NONE,SEARCHING,0.000,0.800,-0.098,0.048,0,0
18:21:55.114,SEARCHING,28.807,4.069,1.418,0.00,0.00,50.86,4.620,5.287,3.599,3.045,3.147,0,NONE,SEARCHING,0.000,0.800,-0.032,0.048,0,0
18:21:55.316,SEARCHING,28.837,4.106,1.416,0.00,0.00,51.02,4.575,5.317,3.624,3.701,3.136,0,NONE,SEARCHING,0.000,0.800,0.031,0.048,0,0
18:21:55.517,SEARCHING,28.867,4.144,1.425,0.00,0.00,51.19,4.503,5.302,3.627,4.354,3.135,0,NONE,SEARCHING,0.000,0.800,0.079,0.045,0,0
18:21:55.716,SEARCHING,28.897,4.181,1.443,0.00,0.00,51.34,4.509,5.221,3.631,4.380,3.180,0,NONE,SEARCHING,0.000,0.800,0.099,0.044,0,0
18:21:55.919,SEARCHING,28.927,4.219,1.464,0.00,0.00,51.49,4.489,5.203,3.624,4.475,3.227,0,NONE,SEARCHING,0.000,0.800,0.104,0.043,0,0
18:21:56.122,SEARCHING,28.957,4.256,1.484,0.00,0.00,51.63,4.434,5.218,3.627,4.044,3.288,0,NONE,SEARCHING,0.000,0.800,0.092,0.042,0,0
18:21:56.324,SEARCHING,28.987,4.294,1.502,0.00,0.00,51.77,4.406,5.229,3.640,4.387,3.326,0,NONE,SEARCHING,0.000,0.800,0.085,0.040,0,0
18:21:56.525,SEARCHING,29.016,4.332,1.519,0.00,0.00,51.91,4.410,5.204,3.642,4.464,3.357,0,NONE,SEARCHING,0.000,0.800,0.087,0.039,0,0
18:21:56.727,SEARCHING,29.046,4.369,1.536,0.00,0.00,52.04,4.391,5.201,3.633,4.461,3.409,0,NONE,SEARCHING,0.000,0.800,0.084,0.039,0,0
18:21:56.931,SEARCHING,29.075,4.407,1.553,0.00,0.00,52.17,4.347,5.226,3.632,4.439,3.448,0,NONE,SEARCHING,0.000,0.800,0.082,0.037,0,0
18:21:57.130,SEARCHING,29.105,4.445,1.568,0.00,0.00,52.30,4.354,5.313,3.593,4.359,3.512,0,NONE,SEARCHING,0.000,0.800,0.073,0.037,0,0
18:21:57.332,SEARCHING,29.134,4.483,1.580,0.00,0.00,52.43,4.348,5.286,3.578,4.073,3.582,0,NONE,SEARCHING,0.000,0.800,0.024,0.039,0,0
18:21:57.535,SEARCHING,29.163,4.521,1.585,0.00,0.00,52.56,4.259,5.245,3.601,4.074,3.608,0,NONE,SEARCHING,0.000,0.800,0.024,0.037,0,0
18:21:57.736,SEARCHING,29.192,4.559,1.588,0.00,0.00,52.68,4.282,5.262,3.633,4.271,3.628,0,NONE,SEARCHING,0.000,0.800,0.006,0.035,0,0
18:21:57.939,SEARCHING,29.255,4.642,1.590,0.00,0.00,52.94,4.244,5.232,3.637,4.162,3.632,0,NONE,SEARCHING,0.000,0.800,0.020,0.032,0,0
18:21:58.141,SEARCHING,29.284,4.681,1.595,0.00,0.00,53.05,4.222,5.206,3.621,4.303,3.632,0,NONE,SEARCHING,0.000,0.800,0.038,0.032,0,0
18:21:58.342,SEARCHING,29.313,4.719,1.602,0.00,0.00,53.16,4.205,5.149,3.610,4.286,3.650,0,NONE,SEARCHING,0.000,0.800,0.015,0.031,0,0
18:21:58.546,SEARCHING,29.375,4.802,1.603,0.00,0.00,53.39,4.176,5.201,3.598,4.227,3.684,0,NONE,SEARCHING,0.000,0.800,0.003,0.031,0,0
18:21:58.744,SEARCHING,29.470,4.931,1.603,0.00,0.00,53.75,4.152,5.116,3.580,4.335,3.690,0,NONE,SEARCHING,0.000,0.800,0.001,0.030,0,0
18:21:58.946,SEARCHING,29.565,5.060,1.603,0.00,0.00,54.09,4.155,5.021,3.623,4.203,3.673,0,NONE,SEARCHING,0.000,0.800,0.000,0.029,0,0
18:21:59.147,SEARCHING,29.658,5.190,1.603,0.00,0.00,54.43,4.194,4.886,3.590,4.254,3.678,0,NONE,SEARCHING,0.000,0.800,0.000,0.030,0,0
18:21:59.350,SEARCHING,29.751,5.320,1.603,0.00,0.00,54.78,4.131,4.804,3.541,4.232,3.645,0,NONE,SEARCHING,0.000,0.800,0.000,0.031,0,0
18:21:59.549,SEARCHING,29.843,5.451,1.603,0.00,0.00,55.14,4.114,4.700,3.427,4.286,3.675,0,NONE,SEARCHING,0.000,0.800,0.000,0.035,0,0
18:21:59.752,SEARCHING,29.934,5.583,1.603,0.00,0.00,55.55,4.075,4.604,3.293,4.306,3.682,0,NONE,SEARCHING,0.000,0.800,0.000,0.042,0,0
18:21:59.952,SEARCHING,30.024,5.715,1.603,0.00,0.00,56.04,4.015,4.511,3.117,4.328,3.705,0,NONE,SEARCHING,0.000,0.800,0.000,0.051,0,0
18:22:00.154,SEARCHING,30.113,5.848,1.603,0.00,0.00,56.64,3.933,4.424,2.935,4.295,3.692,0,NONE,SEARCHING,0.000,0.800,0.000,0.062,0,0
18:22:00.357,SEARCHING,30.200,5.983,1.603,0.00,0.00,57.36,3.845,4.370,2.798,4.256,3.697,0,NONE,SEARCHING,0.000,0.800,0.000,0.072,0,0
18:22:00.559,SEARCHING,30.285,6.118,1.603,0.00,0.00,58.19,3.734,4.283,2.679,4.256,3.691,0,NONE,SEARCHING,0.000,0.800,0.000,0.079,0,0
18:22:00.761,SEARCHING,30.369,6.254,1.603,0.00,0.00,59.09,3.630,4.443,2.776,4.209,3.691,0,NONE,SEARCHING,0.000,0.800,0.000,0.074,0,0
18:22:00.960,SEARCHING,30.450,6.392,1.603,0.00,0.00,59.93,3.502,4.991,2.784,4.122,3.691,0,NONE,SEARCHING,0.000,0.800,0.000,0.064,0,0
18:22:01.162,SEARCHING,30.529,6.531,1.603,0.00,0.00,60.66,3.412,5.714,2.863,4.148,3.691,0,NONE,SEARCHING,0.000,0.800,0.000,0.054,0,0
18:22:01.364,SEARCHING,30.607,6.671,1.603,0.00,0.00,61.26,3.358,5.678,2.884,4.193,3.703,0,NONE,SEARCHING,0.000,0.800,0.000,0.044,0,0
18:22:01.564,SEARCHING,30.683,6.812,1.603,0.00,0.00,61.75,3.223,5.512,2.866,4.275,3.712,0,NONE,SEARCHING,0.000,0.800,0.000,0.035,0,0
18:22:01.765,SEARCHING,30.759,6.953,1.603,0.00,0.00,62.14,3.050,5.348,2.812,4.288,3.746,0,NONE,SEARCHING,0.000,0.800,0.000,0.027,0,0
18:22:01.966,SEARCHING,30.833,7.094,1.603,0.00,0.00,62.44,2.911,5.250,2.715,4.302,3.751,0,NONE,SEARCHING,0.000,0.800,0.000,0.022,0,0
18:22:02.168,SEARCHING,30.907,7.236,1.603,0.00,0.00,62.70,2.794,5.097,2.552,4.316,3.751,0,NONE,SEARCHING,0.000,0.800,0.000,0.024,0,0
18:22:02.370,SEARCHING,30.980,7.379,1.603,0.00,0.00,62.98,2.639,4.830,2.422,4.317,3.751,0,NONE,SEARCHING,0.000,0.800,0.000,0.026,0,0
18:22:02.574,SEARCHING,31.052,7.521,1.603,0.00,0.00,63.28,2.532,4.728,2.370,4.300,3.732,0,NONE,SEARCHING,0.000,0.800,0.000,0.024,0,0
18:22:02.776,SEARCHING,31.124,7.665,1.603,0.00,0.00,63.54,2.442,4.632,2.351,4.293,3.696,0,NONE,SEARCHING,0.000,0.800,0.000,0.017,0,0
18:22:02.978,SEARCHING,31.195,7.808,1.603,0.00,0.00,63.73,2.367,4.537,2.267,4.314,3.709,0,NONE,SEARCHING,0.000,0.800,0.000,0.014,0,0
18:22:03.179,SEARCHING,31.265,7.951,1.603,0.00,0.00,63.90,2.335,4.392,2.156,4.293,3.746,0,NONE,SEARCHING,0.000,0.800,0.000,0.021,0,0
18:22:04.356,SEARCHING,31.336,8.095,1.603,0.00,0.00,64.15,2.311,4.269,2.065,4.199,3.750,0,NONE,SEARCHING,0.000,0.800,0.000,0.033,0,0
18:22:04.557,SEARCHING,31.405,8.239,1.603,0.00,0.00,64.54,2.257,4.107,1.914,4.060,3.710,0,NONE,SEARCHING,0.000,0.800,0.000,0.048,0,0
18:22:04.760,SEARCHING,31.473,8.384,1.603,0.00,0.00,65.02,2.219,3.933,2.712,3.923,3.694,0,NONE,SEARCHING,0.000,0.800,0.000,-0.013,0,0
18:22:04.961,SEARCHING,31.541,8.529,1.603,0.00,0.00,64.78,2.171,3.747,2.908,3.738,3.625,0,NONE,SEARCHING,0.000,0.800,0.000,-0.070,0,0
18:22:05.162,SEARCHING,31.610,8.673,1.603,0.00,0.00,63.95,2.157,3.608,2.902,3.594,3.567,0,NONE,SEARCHING,0.000,0.800,0.000,-0.089,0,0
18:22:05.363,SEARCHING,31.681,8.817,1.603,0.00,0.00,62.93,2.198,3.461,2.820,3.456,3.451,0,NONE,SEARCHING,0.000,0.800,0.000,-0.087,0,0
18:22:05.565,SEARCHING,31.755,8.959,1.603,0.00,0.00,61.95,2.226,3.351,2.722,3.329,3.353,0,NONE,SEARCHING,0.000,0.800,0.000,-0.076,0,0
18:22:05.766,SEARCHING,31.831,9.099,1.603,0.00,0.00,61.10,2.268,3.211,2.629,3.195,3.221,0,NONE,SEARCHING,0.000,0.800,0.000,-0.060,0,0
18:22:05.966,SEARCHING,31.909,9.239,1.603,0.00,0.00,60.44,2.331,3.101,2.575,3.085,3.104,0,NONE,SEARCHING,0.000,0.800,0.000,-0.043,0,0
18:22:06.168,SEARCHING,31.989,9.378,1.603,0.00,0.00,59.96,2.340,2.972,2.531,2.980,2.987,0,NONE,SEARCHING,0.000,0.800,0.000,-0.032,0,0
18:22:06.369,SEARCHING,32.069,9.516,1.603,0.00,0.00,59.60,2.347,2.865,2.519,2.863,2.867,0,NONE,SEARCHING,0.000,0.800,0.000,-0.025,0,0
18:22:06.570,SEARCHING,32.151,9.654,1.603,0.00,0.00,59.32,2.368,2.757,2.329,2.749,2.741,0,NONE,SEARCHING,0.000,0.800,0.000,-0.014,0,0
18:22:06.771,SEARCHING,32.233,9.791,1.603,0.00,0.00,59.19,2.298,2.650,2.464,2.640,2.639,0,NONE,SEARCHING,0.000,0.800,0.000,-0.006,0,0
18:22:06.973,SEARCHING,32.315,9.929,1.603,0.00,0.00,59.09,2.111,2.488,2.300,2.479,2.482,0,NONE,SEARCHING,0.000,0.800,0.000,-0.024,0,0
18:22:07.173,SEARCHING,32.397,10.066,1.603,0.00,0.00,58.79,1.958,2.366,2.543,2.360,2.358,0,NONE,SEARCHING,0.000,0.800,0.000,-0.053,0,0
18:22:07.380,SEARCHING,32.481,10.202,1.603,0.00,0.00,58.09,1.789,2.249,2.978,2.240,2.236,0,NONE,SEARCHING,0.000,0.800,0.000,-0.130,0,0
18:22:07.590,SEARCHING,32.567,10.337,1.603,0.00,0.00,56.54,1.686,2.146,2.948,2.140,2.133,0,NONE,SEARCHING,0.000,0.800,0.000,-0.180,0,0
18:22:07.798,SEARCHING,32.657,10.469,1.603,0.00,0.00,54.43,1.584,2.050,2.918,2.044,2.053,0,NONE,SEARCHING,0.000,0.789,0.000,-0.212,0,0
18:22:08.006,SEARCHING,32.751,10.595,1.603,0.00,0.00,51.97,1.507,1.990,2.279,1.991,1.991,0,NONE,SEARCHING,0.000,0.750,0.000,-0.214,0,0
18:22:08.211,SEARCHING,32.845,10.711,1.603,0.00,0.00,49.59,1.441,1.942,1.869,1.944,1.932,0,NONE,SEARCHING,0.000,0.706,0.000,-0.161,0,0
18:22:08.414,SEARCHING,32.937,10.816,1.603,0.00,0.00,47.78,1.382,1.881,1.701,1.874,1.883,0,NONE,SEARCHING,0.000,0.665,0.000,-0.126,0,0
18:22:08.618,SEARCHING,33.027,10.913,1.603,0.00,0.00,46.36,1.320,1.825,1.579,1.823,1.825,0,NONE,SEARCHING,0.000,0.624,0.000,-0.109,0,0
18:22:08.826,SEARCHING,33.114,11.002,1.603,0.00,0.00,45.13,1.277,1.772,1.457,1.773,1.777,0,NONE,SEARCHING,0.000,0.585,0.000,-0.091,0,0
18:22:09.035,SEARCHING,33.196,11.083,1.603,0.00,0.00,43.66,1.223,1.727,2.573,1.723,1.729,0,NONE,SEARCHING,0.000,0.547,0.000,-0.258,0,0
18:22:09.241,SEARCHING,33.276,11.157,1.603,0.00,0.00,40.58,1.195,1.728,1.987,1.730,1.728,0,NONE,SEARCHING,0.000,0.530,0.000,-0.309,0,0
18:22:09.454,SEARCHING,33.359,11.223,1.603,0.00,0.00,37.20,1.192,1.784,1.258,1.786,1.782,0,NONE,SEARCHING,0.000,0.539,0.000,-0.157,0,0
18:22:09.667,SEARCHING,33.446,11.288,1.603,0.00,0.00,35.71,1.179,1.803,1.129,1.797,1.808,0,NONE,SEARCHING,0.000,0.555,0.000,-0.030,0,0
18:22:09.877,SEARCHING,33.537,11.352,1.603,0.00,0.00,35.44,1.144,1.763,1.700,1.764,1.774,0,NONE,SEARCHING,0.000,0.547,0.000,-0.057,0,0
18:22:10.083,SEARCHING,33.626,11.415,1.603,0.00,0.00,34.41,1.099,1.717,3.020,1.718,1.716,0,NONE,SEARCHING,0.000,0.522,0.000,-0.330,0,0
18:22:10.293,SEARCHING,33.713,11.471,1.603,0.00,0.00,30.48,1.108,1.804,3.053,1.801,1.796,0,NONE,SEARCHING,0.000,0.529,0.000,-0.432,0,0
18:22:10.505,SEARCHING,33.807,11.522,1.603,0.00,0.00,25.51,1.172,1.906,1.955,1.912,1.909,0,NONE,SEARCHING,0.000,0.587,0.000,-0.391,0,0
18:22:10.710,SEARCHING,33.916,11.569,1.603,0.00,0.00,21.35,1.246,2.034,0.910,2.030,2.024,0,NONE,SEARCHING,0.000,0.625,0.000,-0.075,0,0
18:22:10.915,SEARCHING,34.035,11.614,1.603,0.00,0.00,20.68,1.284,2.368,2.136,2.133,2.139,0,NONE,SEARCHING,0.000,0.743,0.000,-0.049,0,0
18:22:11.124,SEARCHING,34.176,11.667,1.603,0.00,0.00,19.85,1.268,2.452,2.532,2.078,2.058,0,NONE,SEARCHING,0.000,0.786,0.000,-0.241,0,0
18:22:11.329,SEARCHING,34.325,11.717,1.603,0.00,0.00,17.01,1.289,2.822,2.451,2.001,1.923,0,NONE,SEARCHING,0.000,0.797,0.000,-0.290,0,0
18:22:11.530,SEARCHING,34.478,11.760,1.603,0.00,0.00,13.67,1.218,3.279,2.355,1.911,1.766,0,NONE,SEARCHING,0.000,0.799,0.015,-0.305,0,0
18:22:11.732,SEARCHING,34.525,11.771,1.608,0.00,0.00,12.61,1.262,3.388,2.316,1.876,1.676,0,NONE,SEARCHING,0.000,0.800,0.052,-0.302,0,0
18:22:11.934,SEARCHING,34.572,11.781,1.621,0.00,0.00,11.61,1.332,3.555,2.278,1.846,1.616,0,NONE,SEARCHING,0.000,0.800,0.078,-0.273,0,0
18:22:12.135,SEARCHING,34.619,11.790,1.638,0.00,0.00,10.72,1.383,3.688,2.248,1.804,1.588,0,NONE,SEARCHING,0.000,0.800,0.089,-0.242,0,0
18:22:12.337,SEARCHING,34.666,11.799,1.655,0.00,0.00,9.94,1.484,3.827,2.212,1.747,1.575,0,NONE,SEARCHING,0.000,0.800,0.083,-0.206,0,0
18:22:12.539,SEARCHING,34.714,11.807,1.671,0.00,0.00,9.30,1.542,3.602,2.178,1.693,1.550,0,NONE,SEARCHING,0.000,0.800,0.071,-0.169,0,0
18:22:12.741,SEARCHING,34.761,11.815,1.685,0.00,0.00,8.76,1.588,3.485,2.122,1.658,1.536,0,NONE,SEARCHING,0.000,0.800,0.062,-0.144,0,0
18:22:12.945,SEARCHING,34.809,11.822,1.697,0.00,0.00,8.31,1.680,2.389,2.064,1.625,1.511,0,NONE,SEARCHING,0.000,0.800,0.058,-0.111,0,0
18:22:13.144,SEARCHING,34.856,11.829,1.706,0.00,0.00,7.98,1.736,2.272,2.023,1.591,1.513,0,NONE,SEARCHING,0.000,0.800,0.020,-0.081,0,0
18:22:13.345,SEARCHING,34.959,11.843,1.708,0.00,0.00,7.44,1.816,2.301,1.977,1.578,1.494,0,NONE,SEARCHING,0.000,0.800,0.005,-0.053,0,0
18:22:13.549,SEARCHING,35.118,11.863,1.708,0.00,0.00,6.87,1.999,2.010,1.820,1.579,1.498,0,NONE,SEARCHING,0.000,0.793,0.001,-0.009,0,0
18:22:13.750,SEARCHING,35.274,11.881,1.708,0.00,0.00,6.87,2.108,3.243,1.698,1.599,1.507,0,NONE,SEARCHING,0.000,0.774,0.000,0.053,0,0
18:22:13.951,SEARCHING,35.428,11.901,1.708,0.00,0.00,7.54,2.144,3.680,1.512,1.572,1.486,0,NONE,SEARCHING,0.000,0.794,0.000,0.111,0,0
18:22:14.153,SEARCHING,35.586,11.923,1.708,0.00,0.00,8.89,2.104,3.707,1.370,1.555,1.493,0,NONE,SEARCHING,0.000,0.798,0.000,0.166,0,0
18:22:14.355,SEARCHING,35.743,11.950,1.708,0.00,0.00,10.86,1.983,3.808,1.219,1.590,1.497,0,NONE,SEARCHING,0.000,0.800,0.000,0.223,0,0
18:22:14.558,SEARCHING,35.845,11.971,1.710,0.00,0.00,12.52,1.862,3.971,1.128,1.597,1.489,0,NONE,SEARCHING,0.000,0.800,0.037,0.261,0,0
18:22:14.759,SEARCHING,35.892,11.981,1.717,0.00,0.00,13.45,1.769,4.115,1.105,1.567,1.503,0,NONE,SEARCHING,0.000,0.800,0.015,0.271,0,0
18:22:14.961,SEARCHING,35.992,12.007,1.718,0.00,0.00,15.47,1.655,4.387,1.734,1.537,1.520,0,NONE,SEARCHING,0.000,0.800,0.004,0.185,0,0
18:22:15.163,SEARCHING,36.146,12.053,1.718,0.00,0.00,17.28,1.530,4.675,2.388,1.536,1.518,0,NONE,SEARCHING,0.000,0.800,0.001,-0.056,0,0
18:22:15.366,SEARCHING,36.299,12.100,1.718,0.00,0.00,16.48,1.533,4.687,2.468,1.567,1.514,0,NONE,SEARCHING,0.000,0.800,0.000,-0.164,0,0
18:22:15.566,SEARCHING,36.453,12.143,1.718,0.00,0.00,14.57,1.631,4.595,2.372,1.536,1.512,0,NONE,SEARCHING,0.000,0.800,0.000,-0.171,0,0
18:22:15.768,SEARCHING,36.608,12.181,1.718,0.00,0.00,12.66,1.728,4.240,2.214,1.529,1.510,0,NONE,SEARCHING,0.000,0.800,0.000,-0.129,0,0
18:22:15.970,SEARCHING,36.765,12.214,1.718,0.00,0.00,11.35,2.935,3.808,2.083,1.515,1.519,0,NONE,SEARCHING,0.000,0.800,0.000,0.009,0,0
18:22:16.173,SEARCHING,36.922,12.245,1.718,0.00,0.00,11.59,3.278,3.609,1.991,1.539,1.516,0,NONE,SEARCHING,0.000,0.800,0.000,0.110,0,0
18:22:16.373,SEARCHING,37.078,12.279,1.718,0.00,0.00,12.92,3.210,3.960,1.967,1.528,1.526,0,NONE,SEARCHING,0.000,0.800,0.000,0.148,0,0
18:22:16.575,SEARCHING,37.234,12.317,1.718,0.00,0.00,14.62,3.011,4.201,1.988,1.559,1.512,0,NONE,SEARCHING,0.000,0.800,0.000,0.146,0,0
18:22:16.776,SEARCHING,37.388,12.359,1.718,0.00,0.00,16.27,2.810,4.282,2.014,1.550,1.514,0,NONE,SEARCHING,0.000,0.800,0.000,0.127,0,0
18:22:16.978,SEARCHING,37.541,12.406,1.718,0.00,0.00,17.70,2.663,4.297,2.019,1.546,1.517,0,NONE,SEARCHING,0.000,0.800,0.000,0.107,0,0
18:22:17.184,SEARCHING,37.693,12.456,1.718,0.00,0.00,18.91,2.572,4.340,2.070,1.528,1.525,0,NONE,SEARCHING,0.000,0.800,0.000,0.089,0,0
18:22:17.389,SEARCHING,37.844,12.509,1.718,0.00,0.00,19.90,2.476,4.434,2.083,1.516,1.500,0,NONE,SEARCHING,0.000,0.800,0.000,0.072,0,0
18:22:17.592,SEARCHING,37.994,12.564,1.718,0.00,0.00,20.71,2.401,4.756,2.106,1.552,1.521,0,NONE,SEARCHING,0.000,0.800,0.000,0.057,0,0
18:22:17.800,SEARCHING,38.143,12.622,1.718,0.00,0.00,21.33,2.305,5.200,2.402,1.532,1.508,0,NONE,SEARCHING,0.000,0.800,0.000,0.023,0,0
18:22:18.015,SEARCHING,38.292,12.680,1.718,0.00,0.00,21.53,2.290,5.131,2.443,1.539,1.511,0,NONE,SEARCHING,0.000,0.800,0.000,-0.010,0,0
18:22:18.225,SEARCHING,38.441,12.739,1.718,0.00,0.00,21.40,2.319,5.084,2.433,1.544,1.518,0,NONE,SEARCHING,0.000,0.800,0.000,-0.017,0,0
18:22:18.428,SEARCHING,38.590,12.797,1.718,0.00,0.00,21.20,2.354,5.008,2.438,1.549,1.515,0,NONE,SEARCHING,0.000,0.800,0.000,-0.012,0,0
18:22:18.630,SEARCHING,38.739,12.855,1.718,0.00,0.00,21.07,2.356,4.974,2.427,1.532,1.517,0,NONE,SEARCHING,0.000,0.800,0.000,-0.011,0,0
18:22:18.831,SEARCHING,38.889,12.912,1.718,0.00,0.00,20.95,2.385,4.847,2.384,1.530,1.503,0,NONE,SEARCHING,0.000,0.800,0.000,-0.005,0,0
18:22:19.043,SEARCHING,39.038,12.969,1.718,0.00,0.00,20.89,2.375,4.708,2.349,1.507,1.501,0,NONE,SEARCHING,0.000,0.800,0.000,-0.000,0,0
18:22:19.256,SEARCHING,39.188,13.026,1.718,0.00,0.00,20.90,2.294,4.615,2.261,1.461,1.833,0,NONE,SEARCHING,0.000,0.800,-0.050,0.004,0,0
18:22:19.463,SEARCHING,39.232,13.043,1.707,0.00,0.00,20.92,2.191,4.497,2.158,2.478,2.515,0,NONE,SEARCHING,0.000,0.800,-0.022,0.005,0,0
18:22:19.673,SEARCHING,39.277,13.061,1.704,0.00,0.00,20.93,2.144,4.488,2.106,2.543,2.541,0,NONE,SEARCHING,0.000,0.800,-0.005,0.006,0,0
18:22:19.881,SEARCHING,39.427,13.118,1.704,0.00,0.00,21.01,2.075,4.373,2.020,2.533,2.518,0,NONE,SEARCHING,0.000,0.800,-0.001,0.009,0,0
18:22:20.094,SEARCHING,39.576,13.175,1.704,0.00,0.00,21.11,2.032,4.268,1.967,2.528,2.545,0,NONE,SEARCHING,0.000,0.800,-0.000,0.012,0,0
18:22:20.295,SEARCHING,39.725,13.233,1.704,0.00,0.00,21.24,1.989,4.103,2.006,3.009,2.752,0,NONE,SEARCHING,0.000,0.800,-0.000,0.004,0,0
18:22:20.499,SEARCHING,39.874,13.291,1.704,0.00,0.00,21.28,1.973,3.892,1.966,3.152,3.080,0,NONE,SEARCHING,0.000,0.800,-0.000,0.001,0,0
18:22:20.701,SEARCHING,40.023,13.349,1.704,0.00,0.00,21.30,1.995,3.751,1.873,3.169,3.128,0,NONE,SEARCHING,0.000,0.800,-0.000,0.012,0,0
18:22:20.902,SEARCHING,40.172,13.407,1.704,0.00,0.00,21.46,1.975,3.609,1.768,3.193,3.124,0,NONE,SEARCHING,0.000,0.800,-0.000,0.033,0,0
18:22:21.105,SEARCHING,40.321,13.466,1.704,0.00,0.00,21.87,1.939,3.523,1.691,3.187,3.133,0,NONE,SEARCHING,0.000,0.800,-0.000,0.050,0,0
18:22:21.308,SEARCHING,40.469,13.527,1.704,0.00,0.00,22.42,1.913,3.370,1.983,3.195,3.154,0,NONE,SEARCHING,0.000,0.800,-0.000,0.024,0,0
18:22:21.508,SEARCHING,40.617,13.588,1.704,0.00,0.00,22.62,1.877,3.184,2.123,3.118,3.125,0,NONE,SEARCHING,0.000,0.800,-0.000,-0.027,0,0
18:22:21.710,SEARCHING,40.765,13.649,1.704,0.00,0.00,22.29,1.889,2.976,2.048,3.029,3.053,0,NONE,SEARCHING,0.000,0.800,-0.000,-0.037,0,0
18:22:21.916,SEARCHING,40.913,13.710,1.704,0.00,0.00,21.87,1.876,2.745,2.066,2.953,2.949,0,NONE,SEARCHING,0.000,0.800,-0.000,-0.036,0,0
18:22:22.120,SEARCHING,41.062,13.769,1.704,0.00,0.00,21.45,1.891,2.504,2.070,2.828,2.669,0,NONE,SEARCHING,0.000,0.800,-0.000,-0.038,0,0
18:22:22.326,SEARCHING,41.159,13.806,1.707,0.00,0.00,21.18,1.938,2.374,2.011,2.724,2.395,0,NONE,SEARCHING,0.000,0.800,0.037,-0.026,0,0
18:22:22.526,SEARCHING,41.203,13.824,1.716,0.00,0.00,21.11,1.927,2.327,2.016,2.684,2.308,0,NONE,SEARCHING,0.000,0.800,0.062,-0.018,0,0
18:22:22.727,SEARCHING,41.248,13.841,1.729,0.00,0.00,21.05,1.946,2.315,2.013,2.638,2.262,0,NONE,SEARCHING,0.000,0.800,0.072,-0.016,0,0
18:22:22.932,SEARCHING,41.293,13.858,1.744,0.00,0.00,20.99,1.918,2.347,2.019,2.599,2.220,0,NONE,SEARCHING,0.000,0.800,0.076,-0.019,0,0
18:22:23.131,SEARCHING,41.338,13.875,1.759,0.00,0.00,20.92,1.933,2.439,2.009,2.557,2.173,0,NONE,SEARCHING,0.000,0.800,0.080,-0.018,0,0
18:22:23.333,SEARCHING,41.383,13.893,1.776,0.00,0.00,20.87,1.932,2.481,1.999,2.513,2.109,0,NONE,SEARCHING,0.000,0.800,0.086,-0.015,0,0
18:22:23.535,SEARCHING,41.428,13.910,1.793,0.00,0.00,20.82,1.935,2.453,1.992,2.462,2.071,0,NONE,SEARCHING,0.000,0.800,0.092,-0.013,0,0
18:22:23.740,SEARCHING,41.472,13.927,1.812,0.00,0.00,20.77,1.931,2.435,2.011,2.436,2.046,0,NONE,SEARCHING,0.000,0.800,0.094,-0.014,0,0
18:22:23.940,SEARCHING,41.517,13.944,1.831,0.00,0.00,20.72,1.926,2.400,2.030,2.399,2.004,0,NONE,SEARCHING,0.000,0.800,0.096,-0.019,0,0
18:22:24.141,SEARCHING,41.562,13.961,1.851,0.00,0.00,20.65,1.945,2.354,2.004,2.358,1.938,0,NONE,SEARCHING,0.000,0.800,0.104,-0.016,0,0
18:22:24.348,SEARCHING,41.607,13.978,1.872,0.00,0.00,20.61,1.954,2.321,1.991,2.327,1.843,0,NONE,SEARCHING,0.000,0.800,0.120,-0.010,0,0
18:22:24.556,SEARCHING,41.652,13.994,1.897,0.00,0.00,20.58,1.953,2.286,2.007,2.289,1.810,0,NONE,SEARCHING,0.000,0.800,0.133,-0.009,0,0
18:22:24.769,SEARCHING,41.697,14.011,1.925,0.00,0.00,20.54,1.911,2.247,2.037,2.252,1.765,0,NONE,SEARCHING,0.000,0.800,0.142,-0.018,0,0
18:22:24.977,SEARCHING,41.742,14.028,1.953,0.00,0.00,20.46,1.855,2.208,2.056,2.213,1.774,0,NONE,SEARCHING,0.000,0.800,0.139,-0.032,0,0
18:22:25.184,SEARCHING,41.787,14.045,1.981,0.00,0.00,20.33,1.808,2.174,2.052,2.176,1.740,0,NONE,SEARCHING,0.000,0.800,0.136,-0.044,0,0
18:22:25.396,SEARCHING,41.832,14.062,2.008,0.00,0.00,20.16,1.756,2.128,2.021,2.132,1.693,0,NONE,SEARCHING,0.000,0.800,0.140,-0.054,0,0
18:22:25.602,SEARCHING,41.877,14.078,2.036,0.00,0.00,19.96,1.709,2.098,1.986,2.096,1.653,0,NONE,SEARCHING,0.000,0.800,0.148,-0.060,0,0
18:22:25.813,SEARCHING,41.922,14.094,2.067,0.00,0.00,19.74,1.654,2.069,1.956,2.064,1.628,0,NONE,SEARCHING,0.000,0.797,0.154,-0.068,0,0
18:22:26.020,SEARCHING,41.967,14.110,2.097,0.00,0.00,19.49,1.603,2.037,1.941,2.035,1.630,0,NONE,SEARCHING,0.000,0.778,0.152,-0.079,0,0
18:22:26.223,SEARCHING,42.010,14.126,2.127,0.00,0.00,19.20,1.564,2.010,1.939,2.010,1.651,0,NONE,SEARCHING,0.000,0.753,0.139,-0.092,0,0
18:22:26.426,SEARCHING,42.052,14.140,2.154,0.00,0.00,18.87,1.538,1.985,1.922,1.977,1.697,0,NONE,SEARCHING,0.000,0.732,0.119,-0.100,0,0
18:22:26.630,SEARCHING,42.093,14.154,2.175,0.00,0.00,18.52,1.513,1.953,1.888,1.946,1.778,0,NONE,SEARCHING,0.000,0.711,0.084,-0.103,0,0
18:22:26.831,SEARCHING,42.133,14.167,2.188,0.00,0.00,18.16,1.487,1.925,1.860,1.928,1.825,0,NONE,SEARCHING,0.000,0.688,0.026,-0.106,0,0
18:22:27.033,SEARCHING,42.172,14.180,2.192,0.00,0.00,17.79,1.459,1.887,1.843,1.886,1.843,0,NONE,SEARCHING,0.000,0.664,0.006,-0.111,0,0
18:22:27.236,SEARCHING,42.298,14.219,2.192,0.00,0.00,16.52,1.404,1.827,1.792,1.817,1.807,0,NONE,SEARCHING,0.000,0.633,0.002,-0.118,0,0
18:22:27.436,SEARCHING,42.419,14.253,2.192,0.00,0.00,15.15,1.332,1.759,1.717,1.760,1.754,0,NONE,SEARCHING,0.000,0.592,0.000,-0.127,0,0
18:22:27.641,SEARCHING,42.533,14.283,2.192,0.00,0.00,13.68,1.278,1.693,1.630,1.700,1.693,0,NONE,SEARCHING,0.000,0.551,0.000,-0.134,0,0
18:22:27.841,SEARCHING,42.639,14.308,2.192,0.00,0.00,12.15,1.230,1.653,1.545,1.650,1.653,0,NONE,SEARCHING,0.000,0.514,0.000,-0.134,0,0
18:22:28.043,SEARCHING,42.739,14.328,2.192,0.00,0.00,10.62,1.178,1.605,1.448,1.611,1.603,0,NONE,SEARCHING,0.000,0.481,0.000,-0.130,0,0
18:22:28.244,SEARCHING,42.833,14.344,2.192,0.00,0.00,9.14,1.136,1.570,1.369,1.567,1.569,0,NONE,SEARCHING,0.000,0.456,0.000,-0.124,0,0
18:22:28.447,SEARCHING,42.923,14.358,2.192,0.00,0.00,7.72,1.102,1.537,1.295,1.537,1.527,0,NONE,SEARCHING,0.000,0.434,0.000,-0.116,0,0
18:22:28.649,SEARCHING,43.009,14.368,2.192,0.00,0.00,6.41,1.072,1.515,1.237,1.518,1.501,0,NONE,SEARCHING,0.000,0.417,0.000,-0.106,0,0
18:22:28.850,SEARCHING,43.091,14.377,2.192,0.00,0.00,5.21,1.035,1.438,1.166,1.440,1.435,0,NONE,SEARCHING,0.000,0.390,0.000,-0.094,0,0
18:22:29.054,SEARCHING,43.168,14.383,2.192,0.00,0.00,4.15,1.005,1.368,1.115,1.365,1.361,0,NONE,SEARCHING,0.000,0.360,0.000,-0.085,0,0
18:22:29.265,SEARCHING,43.239,14.388,2.192,0.00,0.00,3.19,0.982,1.312,1.063,1.315,1.310,0,NONE,SEARCHING,0.000,0.329,0.000,-0.072,0,0
18:22:29.476,SEARCHING,43.305,14.391,2.192,0.00,0.00,2.38,0.956,1.281,1.020,1.282,1.282,0,NONE,SEARCHING,0.000,0.308,0.000,-0.061,0,0
18:22:29.683,SEARCHING,43.366,14.393,2.192,0.00,0.00,1.70,0.935,1.256,0.981,1.255,1.253,0,NONE,SEARCHING,0.000,0.294,0.000,-0.049,0,0
18:22:29.891,SEARCHING,43.424,14.395,2.192,0.00,0.00,1.14,0.916,1.228,0.948,1.227,1.227,0,NONE,SEARCHING,0.000,0.281,0.000,-0.037,0,0
18:22:30.102,SEARCHING,43.480,14.396,2.192,0.00,0.00,0.73,0.891,1.202,0.910,1.203,1.193,0,NONE,SEARCHING,0.000,0.269,0.000,-0.026,0,0
18:22:30.314,SEARCHING,43.534,14.396,2.192,0.00,0.00,0.45,0.866,1.168,0.869,1.169,1.162,0,NONE,SEARCHING,0.000,0.257,0.000,-0.013,0,0
18:22:30.524,SEARCHING,43.585,14.397,2.192,0.00,0.00,0.32,0.842,1.145,1.591,1.135,1.132,0,NONE,SEARCHING,0.000,0.252,0.000,-0.138,0,0
18:22:30.729,SEARCHING,43.635,14.396,2.192,0.00,0.00,-1.70,0.833,1.138,1.420,1.127,1.126,0,NONE,SEARCHING,0.000,0.250,0.000,-0.394,0,0
18:22:30.938,SEARCHING,43.685,14.393,2.192,0.00,0.00,-6.03,0.784,1.228,0.797,1.235,1.241,0,NONE,SEARCHING,0.000,0.253,0.000,-0.203,0,0
18:22:31.152,SEARCHING,43.736,14.387,2.192,0.00,0.00,-8.07,0.788,1.332,0.709,1.330,1.327,0,NONE,SEARCHING,0.000,0.276,0.000,0.010,0,0
18:22:31.361,SEARCHING,43.791,14.379,2.192,0.00,0.00,-7.75,0.777,1.332,0.668,1.320,1.333,0,NONE,SEARCHING,0.000,0.287,0.000,0.122,0,0
18:22:31.584,SEARCHING,43.848,14.372,2.192,0.00,0.00,-6.26,0.737,1.235,1.355,1.240,1.244,0,NONE,SEARCHING,0.000,0.274,0.000,-0.037,0,0
18:22:31.804,SEARCHING,43.902,14.366,2.192,0.00,0.00,-7.41,0.709,1.183,3.073,1.187,1.191,0,NONE,SEARCHING,0.000,0.256,0.000,-0.581,0,0
18:22:32.014,SEARCHING,43.952,14.357,2.192,0.00,0.00,-14.46,0.760,1.347,2.056,1.353,1.354,0,NONE,SEARCHING,0.000,0.268,0.000,-0.766,0,0
18:22:32.224,SEARCHING,44.005,14.339,2.192,0.00,0.00,-22.70,0.929,2.058,0.652,1.987,1.767,0,NONE,SEARCHING,0.000,0.436,0.023,-0.209,0,0
18:22:32.432,SEARCHING,44.037,14.326,2.200,0.00,0.00,-22.08,1.026,2.489,0.450,2.185,1.854,0,NONE,SEARCHING,0.000,0.695,0.076,0.524,0,0
18:22:32.643,SEARCHING,44.078,14.310,2.217,0.00,0.00,-19.82,0.972,2.241,0.410,2.154,1.882,0,NONE,SEARCHING,0.000,0.735,0.084,0.727,0,0
18:22:32.855,SEARCHING,44.118,14.296,2.233,0.00,0.00,-17.27,0.894,1.951,0.795,1.917,1.817,0,NONE,SEARCHING,0.000,0.649,0.050,0.553,0,0
18:22:33.063,SEARCHING,44.152,14.286,2.239,0.00,0.00,-16.77,0.841,1.693,4.185,1.696,1.671,0,NONE,SEARCHING,0.000,0.537,0.012,-0.319,0,0
18:22:33.270,SEARCHING,44.215,14.265,2.240,0.00,0.00,-20.40,0.866,1.814,3.419,1.849,1.801,0,NONE,SEARCHING,0.000,0.497,0.003,-0.634,0,0
18:22:33.479,SEARCHING,44.309,14.224,2.240,0.00,0.00,-27.65,1.045,6.157,2.989,2.101,1.928,0,NONE,SEARCHING,0.000,0.674,0.016,-0.586,0,0
18:22:33.688,SEARCHING,44.348,14.203,2.246,0.00,0.00,-29.44,1.264,7.013,2.812,2.159,1.947,0,NONE,SEARCHING,0.000,0.770,0.048,-0.443,0,0
18:22:33.896,SEARCHING,44.389,14.179,2.256,0.00,0.00,-30.79,1.316,5.646,2.657,2.138,1.972,0,NONE,SEARCHING,0.000,0.793,0.038,-0.353,0,0
18:22:34.106,SEARCHING,44.430,14.154,2.261,0.00,0.00,-31.89,1.444,3.753,2.560,2.105,1.983,0,NONE,SEARCHING,0.000,0.798,0.009,-0.282,0,0
18:22:34.331,SEARCHING,44.525,14.127,2.261,0.08,-0.02,-51.21,4.572,3.099,1.940,2.112,1.985,0,NONE,SEARCHING,0.000,0.800,0.002,-0.071,0,0
18:22:34.553,INSPECTING,44.590,14.105,2.262,0.14,0.57,-78.76,2.800,1.623,0.622,1.273,1.155,0,WALL,INSPECT_INIT,0.000,-0.073,0.126,0.252,0,1
18:22:34.774,INSPECTING,44.590,14.105,2.293,0.14,0.57,-78.76,2.231,0.733,0.328,0.568,0.682,0,WALL,INSPECT_UP,0.000,0.000,0.380,0.000,0,1
18:22:34.990,INSPECTING,44.590,14.105,2.378,0.14,0.57,-78.76,2.110,0.536,0.541,0.845,0.402,0,WALL,INSPECT_UP,0.000,0.000,0.471,0.000,0,1
18:22:35.214,INSPECTING,44.590,14.105,2.475,0.14,0.57,-78.76,2.101,0.502,0.302,0.545,0.481,0,WALL,INSPECT_UP,0.000,0.000,0.493,0.000,0,1
18:22:35.439,INSPECTING,44.590,14.105,2.574,0.14,0.57,-78.76,2.099,0.602,0.579,0.449,0.678,0,WALL,INSPECT_UP,0.000,0.000,0.498,0.000,0,1
18:22:35.662,INSPECTING,44.590,14.105,2.674,0.14,0.57,-78.76,2.099,0.470,0.423,0.757,0.522,0,WALL,INSPECT_UP,0.000,0.000,0.500,0.000,0,1
18:22:35.882,INSPECTING,44.590,14.105,2.764,0.14,0.57,-78.76,2.099,0.676,0.328,0.700,0.400,0,WALL,INSPECT_UP,0.000,0.000,0.500,0.000,0,1
18:22:36.099,INSPECTING,44.590,14.105,2.874,0.14,0.57,-78.76,2.022,0.745,0.363,0.548,0.410,0,WALL,INSPECT_UP,0.000,0.000,0.500,0.000,0,1
18:22:36.325,INSPECTING,44.590,14.105,2.974,0.14,0.57,-78.76,1.678,0.513,0.246,0.401,0.372,0,WALL,INSPECT_UP,0.000,0.000,0.500,0.000,0,1
18:22:36.541,INSPECTING,44.590,14.105,3.061,0.00,0.00,-78.76,1.753,0.423,0.239,4.784,0.573,0,WALL,INSPECT_UP,0.000,0.000,0.500,0.000,0,1
18:22:37.329,INSPECTING,44.590,14.105,3.061,0.00,-0.00,-78.76,1.427,0.331,0.239,1.830,0.525,0,WALL,INSPECT_UP,0.000,0.000,0.500,0.000,0,1
18:22:37.520,INSPECTING,44.576,14.076,3.246,-2.98,-1.43,-87.12,0.636,0.264,0.261,0.548,0.421,0,WALL,INSPECT_SW_L_HI,0.000,0.000,0.000,-0.510,0,1
18:22:37.767,INSPECTING,44.597,14.084,3.245,-2.90,-2.08,-90.17,0.407,2.394,3.058,0.282,2.307,0,WALL,INSPECT_SW_L_HI,0.000,0.000,0.000,-0.882,0,1
18:22:38.017,INSPECTING,44.600,14.085,3.245,-0.07,0.02,-93.56,0.431,0.563,0.876,0.305,3.358,0,WALL,INSPECT_SW_L_HI,0.000,0.000,0.000,-0.972,0,1
18:22:38.260,INSPECTING,44.594,14.074,3.273,-7.95,5.97,-99.33,0.374,1.044,3.130,2.330,0.807,0,WALL,INSPECT_SW_L_HI,0.000,0.000,0.000,-0.993,0,1
18:22:38.508,INSPECTING,44.597,14.029,3.317,1.68,-1.96,-121.91,6.252,7.752,8.702,7.623,7.723,0,WALL,INSPECT_SW_L_HI,0.000,0.000,0.000,-0.998,0,1
18:22:38.756,INSPECTING,44.581,14.011,3.330,-17.86,-17.30,-128.47,2.464,2.235,2.557,1.857,2.684,0,WALL,INSPECT_SW_L_HI,0.000,0.000,0.000,-1.000,0,1
18:22:38.996,INSPECTING,44.579,14.008,3.329,-19.26,-18.30,-127.46,0.870,1.269,1.341,1.173,0.759,0,WALL,INSPECT_SW_L_HI,0.000,0.000,0.000,-1.000,0,1
18:22:39.241,INSPECTING,44.577,14.007,3.329,-19.16,-18.19,-127.80,0.701,1.154,1.197,1.096,0.548,0,WALL,INSPECT_SW_L_HI,0.000,0.000,0.000,-1.000,0,1
18:22:39.481,INSPECTING,44.575,14.006,3.329,-18.84,-17.82,-128.25,0.684,1.153,1.181,1.098,0.722,0,WALL,INSPECT_SW_L_HI,0.000,0.000,0.000,-1.000,0,1
18:22:39.734,INSPECTING,44.573,14.005,3.329,-18.34,-17.66,-128.68,0.684,1.120,1.187,1.109,0.773,0,WALL,INSPECT_SW_L_HI,0.000,0.000,0.000,-1.000,0,1
18:22:39.991,INSPECTING,44.570,14.004,3.335,-17.52,-15.99,-129.41,0.696,1.017,1.195,1.116,0.781,0,WALL,INSPECT_SW_L_HI,0.000,0.000,0.000,-1.000,0,1
18:22:40.232,INSPECTING,44.567,14.002,3.327,-17.32,-16.33,-129.68,0.698,0.878,1.203,1.123,0.783,0,WALL,INSPECT_SW_L_HI,0.000,0.000,0.000,-1.000,0,1
18:22:40.480,INSPECTING,44.563,14.000,3.329,-16.42,-15.55,-130.07,0.691,0.844,1.212,1.129,0.778,0,WALL,INSPECT_SW_L_HI,0.000,0.000,0.000,-1.000,0,1
18:22:40.734,INSPECTING,44.559,13.999,3.330,-15.99,-14.83,-130.13,0.678,0.831,1.210,1.128,0.778,0,WALL,INSPECT_RY_HI_1,0.000,0.000,0.000,0.510,0,1
18:22:40.973,INSPECTING,44.554,13.997,3.329,-15.07,-14.67,-130.39,0.669,0.815,1.209,1.127,0.777,0,WALL,INSPECT_RY_HI_1,0.000,0.000,0.000,0.882,0,1
18:22:41.226,INSPECTING,44.551,13.997,3.329,-14.67,-14.56,-131.47,0.667,0.809,1.214,1.141,0.775,0,WALL,INSPECT_RY_HI_1,0.000,0.000,0.000,0.972,0,1
18:22:41.474,INSPECTING,44.549,13.997,3.330,-14.32,-14.56,-132.64,0.670,0.801,1.218,1.168,0.776,0,WALL,INSPECT_RY_HI_1,0.000,0.000,0.000,0.993,0,1
18:22:41.718,INSPECTING,44.550,13.997,3.328,-14.94,-14.76,-133.31,0.669,0.786,1.225,1.202,0.775,0,WALL,INSPECT_RY_HI_1,0.000,0.000,0.000,0.998,0,1
18:22:41.968,INSPECTING,44.550,13.997,3.331,-14.80,-14.00,-134.04,0.670,0.781,1.231,1.221,0.776,0,WALL,INSPECT_RY_HI_1,0.000,0.000,0.000,1.000,0,1
18:22:42.225,INSPECTING,44.550,13.996,3.331,-14.97,-13.95,-134.54,0.668,0.788,1.236,1.233,0.775,0,WALL,INSPECT_RY_HI_1,0.000,0.000,0.000,1.000,0,1
18:22:42.473,INSPECTING,44.550,13.996,3.329,-15.14,-14.48,-134.99,0.667,0.778,1.237,1.248,0.776,0,WALL,INSPECT_RY_HI_1,0.000,0.000,0.000,1.000,0,1
18:22:42.732,INSPECTING,44.550,13.995,3.331,-14.60,-14.31,-135.59,0.650,0.779,1.243,1.264,0.688,0,WALL,INSPECT_RY_HI_1,0.000,0.000,0.000,1.000,0,1
18:22:42.972,INSPECTING,44.551,13.995,3.331,-14.54,-14.33,-136.12,0.644,0.782,1.243,1.278,0.611,0,WALL,INSPECT_RY_HI_1,0.000,0.000,0.000,1.000,0,1
18:22:43.211,INSPECTING,44.551,13.995,3.331,-15.08,-13.95,-136.56,0.640,0.776,1.245,1.303,0.594,0,WALL,INSPECT_RY_HI_1,0.000,0.000,0.000,1.000,0,1
18:22:43.465,INSPECTING,44.551,13.994,3.331,-15.10,-13.98,-137.01,0.641,0.776,1.248,1.321,0.595,0,WALL,INSPECT_RY_HI_1,0.000,0.000,0.000,1.000,0,1
18:22:43.792,INSPECTING,44.551,13.993,3.330,-14.23,-14.69,-137.56,0.736,0.776,1.250,1.340,0.567,0,WALL,INSPECT_RY_HI_1,0.000,0.000,0.000,1.000,0,1
18:22:44.033,INSPECTING,44.551,13.993,3.328,-15.02,-14.85,-137.81,0.817,0.777,1.247,1.358,0.565,0,WALL,INSPECT_SW_R_HI,0.000,0.000,0.000,0.510,0,1
18:22:44.280,INSPECTING,44.551,13.993,3.328,-14.97,-14.92,-138.25,0.861,0.776,1.251,1.375,0.561,0,WALL,INSPECT_SW_R_HI,0.000,0.000,0.000,0.882,0,1
18:22:44.529,INSPECTING,44.551,13.993,3.328,-14.92,-14.93,-138.68,0.836,0.775,1.249,1.383,0.553,0,WALL,INSPECT_SW_R_HI,0.000,0.000,0.000,0.972,0,1
18:22:44.786,INSPECTING,44.551,13.992,3.332,-14.50,-14.23,-139.26,0.823,0.776,1.249,1.384,0.547,0,WALL,INSPECT_SW_R_HI,0.000,0.000,0.000,0.993,0,1
18:22:45.030,INSPECTING,44.552,13.992,3.331,-15.03,-14.05,-139.57,0.820,0.776,1.250,1.381,0.544,0,WALL,INSPECT_SW_R_HI,0.000,0.000,0.000,0.998,0,1
18:22:45.288,INSPECTING,44.552,13.992,3.328,-15.01,-14.88,-139.82,0.818,0.775,1.250,1.380,0.547,0,WALL,INSPECT_SW_R_HI,0.000,0.000,0.000,1.000,0,1
18:22:45.536,INSPECTING,44.552,13.992,3.330,-15.03,-14.28,-140.32,0.819,0.777,1.251,1.378,0.545,0,WALL,INSPECT_SW_R_HI,0.000,0.000,0.000,1.000,0,1
18:22:45.782,INSPECTING,44.552,13.991,3.328,-15.02,-14.87,-140.54,0.820,0.775,1.251,1.377,0.543,0,WALL,INSPECT_SW_R_HI,0.000,0.000,0.000,1.000,0,1
18:22:46.014,INSPECTING,44.552,13.991,3.329,-14.77,-14.65,-141.01,0.820,0.775,1.255,1.377,0.542,0,WALL,INSPECT_SW_R_HI,0.000,0.000,0.000,1.000,0,1
18:22:46.267,INSPECTING,44.552,13.991,3.329,-14.86,-14.56,-141.37,0.817,0.775,1.251,1.372,0.541,0,WALL,INSPECT_SW_R_HI,0.000,0.000,0.000,1.000,0,1
18:22:46.525,INSPECTING,44.552,13.990,3.330,-15.10,-14.21,-141.65,0.817,0.775,1.254,1.376,0.541,0,WALL,INSPECT_SW_R_HI,0.000,0.000,0.000,1.000,0,1
18:22:46.776,INSPECTING,44.552,13.990,3.330,-14.39,-14.72,-142.11,0.819,0.775,1.257,1.378,0.539,0,WALL,INSPECT_SW_R_HI,0.000,0.000,0.000,1.000,0,1
18:22:47.039,INSPECTING,44.552,13.990,3.331,-14.97,-13.98,-142.36,0.823,0.775,1.255,1.374,0.540,0,WALL,INSPECT_SW_R_HI,0.000,0.000,0.000,1.000,0,1
18:22:47.418,INSPECTING,44.553,13.990,3.331,-14.47,-14.28,-142.73,0.820,0.775,1.252,1.372,0.536,0,WALL,INSPECT_RY_HI_2,0.000,0.000,0.000,0.510,0,1
18:22:47.742,INSPECTING,44.553,13.989,3.328,-15.14,-14.56,-142.79,0.820,0.775,1.251,1.370,0.541,0,WALL,INSPECT_RY_HI_2,0.000,0.000,0.000,0.882,0,1
18:22:48.025,INSPECTING,44.553,13.989,3.331,-14.49,-14.25,-143.30,0.820,0.775,1.251,1.371,0.537,0,WALL,INSPECT_RY_HI_2,0.000,0.000,0.000,0.972,0,1
18:22:48.295,INSPECTING,44.553,13.989,3.327,-14.84,-14.84,-143.42,0.814,0.774,1.259,1.373,0.541,0,WALL,INSPECT_RY_HI_2,0.000,0.000,0.000,0.993,0,1
18:22:48.544,INSPECTING,44.553,13.989,3.331,-14.81,-14.01,-143.77,0.803,0.774,1.290,1.368,0.541,0,WALL,INSPECT_RY_HI_2,0.000,0.000,0.000,0.998,0,1
18:22:48.813,INSPECTING,44.553,13.989,3.331,-14.93,-13.93,-144.04,0.799,0.773,1.295,1.370,0.542,0,WALL,INSPECT_RY_HI_2,0.000,0.000,0.000,1.000,0,1
18:22:49.059,INSPECTING,44.553,13.988,3.328,-14.78,-14.86,-144.21,0.792,0.774,1.297,1.369,0.541,0,WALL,INSPECT_RY_HI_2,0.000,0.000,0.000,1.000,0,1
18:22:49.314,INSPECTING,44.553,13.988,3.331,-14.37,-14.21,-144.64,0.789,0.774,1.298,1.370,0.541,0,WALL,INSPECT_RY_HI_2,0.000,0.000,0.000,1.000,0,1
18:22:49.563,INSPECTING,44.553,13.988,3.329,-14.43,-14.65,-144.83,0.782,0.774,1.300,1.370,0.536,0,WALL,INSPECT_RY_HI_2,0.000,0.000,0.000,1.000,0,1
18:22:49.839,INSPECTING,44.553,13.988,3.331,-14.88,-13.82,-145.16,0.781,0.774,1.305,1.370,0.540,0,WALL,INSPECT_RY_HI_2,0.000,0.000,0.000,1.000,0,1
18:22:50.117,INSPECTING,44.553,13.988,3.330,-14.93,-14.04,-145.40,0.777,0.774,1.304,1.367,0.541,0,WALL,INSPECT_RY_HI_2,0.000,0.000,0.000,1.000,0,1
18:22:50.382,INSPECTING,44.553,13.988,3.329,-14.57,-14.44,-145.70,0.777,0.774,1.634,1.363,0.541,0,WALL,INSPECT_RY_HI_2,0.000,0.000,0.000,1.000,0,1
18:22:50.641,INSPECTING,44.553,13.988,3.329,-14.50,-14.42,-146.01,0.775,0.774,1.762,1.364,0.541,0,WALL,INSPECT_RY_HI_2,0.000,0.000,0.000,1.000,0,1
18:22:50.885,INSPECTING,44.580,14.087,3.245,0.01,0.02,-146.89,0.506,3.487,1.294,0.804,0.390,0,WALL,INSPECT_GO_MID,0.000,0.000,-0.255,0.000,0,1
18:22:51.124,INSPECTING,44.577,14.087,3.371,0.28,1.58,-144.89,0.279,0.791,1.056,0.340,0.958,0,WALL,INSPECT_GO_MID,0.000,0.000,-0.441,0.000,0,1
18:22:51.365,INSPECTING,44.589,14.105,3.061,0.00,0.01,-144.14,2.779,1.408,0.816,0.733,0.348,0,WALL,INSPECT_GO_MID,0.000,0.000,-0.486,0.000,0,1
18:22:51.592,INSPECTING,44.590,14.105,3.052,0.00,-0.00,-144.14,0.580,0.436,0.658,1.523,7.682,0,WALL,INSPECT_GO_MID,0.000,0.000,-0.497,0.000,0,1
18:22:51.804,INSPECTING,44.590,14.105,2.970,0.00,-0.00,-144.14,0.317,0.278,0.639,7.149,9.610,0,WALL,INSPECT_GO_MID,0.000,0.000,-0.499,0.000,0,1
18:22:52.023,INSPECTING,44.590,14.105,2.870,0.00,-0.00,-144.14,2.294,0.243,0.368,0.797,1.019,0,WALL,INSPECT_GO_MID,0.000,0.000,-0.500,0.000,0,1
18:22:52.237,INSPECTING,44.590,14.105,2.770,0.00,-0.00,-144.14,0.473,0.232,0.449,0.333,0.376,0,WALL,INSPECT_GO_MID,0.000,0.000,-0.500,0.000,0,1
18:22:52.452,INSPECTING,44.590,14.105,2.670,0.00,-0.00,-144.14,4.751,0.228,0.446,0.254,0.285,0,WALL,INSPECT_GO_MID,0.000,0.000,-0.500,0.000,0,1
18:22:52.666,INSPECTING,44.590,14.105,2.570,0.00,-0.00,-144.14,0.798,0.228,0.483,0.300,0.243,0,WALL,INSPECT_GO_MID,0.000,0.000,-0.500,0.000,0,1
18:22:52.877,INSPECTING,44.590,14.105,2.471,0.00,-0.00,-144.14,0.315,0.311,0.918,0.244,0.251,0,WALL,INSPECT_GO_MID,0.000,0.000,-0.500,0.000,0,1
18:22:53.094,INSPECTING,44.590,14.105,2.370,0.00,-0.00,-144.14,0.270,0.371,1.794,0.261,0.233,0,WALL,INSPECT_GO_MID,0.000,0.000,-0.500,0.000,0,1
18:22:53.311,INSPECTING,44.590,14.105,2.270,0.00,-0.00,-144.14,0.252,4.766,1.195,0.289,0.246,0,WALL,INSPECT_GO_MID,0.000,0.000,-0.350,0.000,0,1
18:22:53.524,INSPECTING,44.590,14.105,2.238,0.00,-0.00,-146.99,0.229,3.562,1.634,0.267,0.302,0,WALL,INSPECT_SW_L_MID,0.000,0.000,0.000,-0.760,0,1
18:22:53.743,INSPECTING,44.590,14.105,2.238,0.00,-0.00,-155.97,0.236,1.031,2.146,0.258,0.328,0,WALL,INSPECT_SW_L_MID,0.000,0.000,0.000,-0.942,0,1
18:22:53.971,INSPECTING,44.592,14.105,2.238,-0.00,-0.00,-165.54,0.971,1.592,3.064,0.483,1.318,0,WALL,INSPECT_SW_L_MID,0.000,0.000,0.000,-0.986,0,1
18:22:54.198,INSPECTING,44.600,14.101,2.238,-0.12,-0.13,-169.17,0.334,2.029,3.032,1.340,1.989,0,WALL,INSPECT_RY_MID_1,0.000,0.000,0.000,0.510,0,1
18:22:54.420,INSPECTING,44.600,14.101,2.238,-0.12,-0.13,-162.65,1.738,1.504,3.151,1.034,1.985,0,WALL,INSPECT_RY_MID_1,0.000,0.000,0.000,0.882,0,1
18:22:54.642,INSPECTING,44.600,14.101,2.238,-0.12,-0.13,-152.36,0.981,0.835,2.691,0.555,0.544,0,WALL,INSPECT_RY_MID_1,0.000,0.000,0.000,0.972,0,1
18:22:54.871,INSPECTING,44.600,14.101,2.238,-0.12,-0.13,-141.19,3.805,0.322,2.102,0.283,0.285,0,WALL,INSPECT_RY_MID_1,0.000,0.000,0.000,0.993,0,1
18:22:55.105,INSPECTING,44.600,14.101,2.238,-0.12,-0.13,-129.80,8.038,0.453,0.559,0.314,0.762,0,WALL,INSPECT_RY_MID_1,0.000,0.000,0.000,0.998,0,1
18:22:55.331,INSPECTING,44.600,14.101,2.238,-0.12,-0.13,-118.36,2.346,6.706,0.562,2.437,7.017,0,WALL,INSPECT_RY_MID_1,0.000,0.000,0.000,1.000,0,1
18:22:55.556,INSPECTING,44.600,14.101,2.238,-0.12,-0.13,-106.90,0.600,1.048,1.514,0.606,1.559,0,WALL,INSPECT_RY_MID_1,0.000,0.000,0.000,1.000,0,1
18:22:55.771,INSPECTING,44.600,14.101,2.238,-0.12,-0.13,-95.45,0.449,0.435,0.396,0.322,0.401,0,WALL,INSPECT_RY_MID_1,0.000,0.000,0.000,1.000,0,1
18:22:55.984,INSPECTING,44.600,14.101,2.238,-0.12,-0.13,-83.99,0.878,0.404,0.343,0.291,0.281,0,WALL,INSPECT_RY_MID_1,0.000,0.000,0.000,1.000,0,1
18:22:56.198,INSPECTING,44.594,14.107,2.238,-0.24,0.01,-78.41,1.932,0.463,0.270,0.411,0.482,0,WALL,INSPECT_SW_R_MID,0.000,0.000,0.000,0.510,0,1
18:22:56.419,INSPECTING,44.592,14.109,2.238,-0.20,-0.04,-74.42,2.182,0.473,0.268,0.426,0.527,0,WALL,INSPECT_SW_R_MID,0.000,0.000,0.000,0.882,0,1
18:22:56.639,INSPECTING,44.592,14.109,2.238,-0.20,-0.04,-64.15,2.596,1.694,0.347,1.606,1.583,0,WALL,INSPECT_SW_R_MID,0.000,0.000,0.000,0.972,0,1
18:22:56.859,INSPECTING,44.592,14.109,2.238,-0.20,-0.04,-52.95,2.870,2.211,0.699,2.108,1.894,0,WALL,INSPECT_SW_R_MID,0.000,0.000,0.000,0.993,0,1
18:22:57.092,INSPECTING,44.592,14.109,2.238,-0.20,-0.04,-41.56,6.460,2.781,1.690,2.524,1.919,0,WALL,INSPECT_SW_R_MID,0.000,0.000,0.000,0.998,0,1
18:22:57.317,INSPECTING,44.592,14.109,2.238,-0.20,-0.04,-30.12,2.365,4.156,2.338,2.595,1.926,0,WALL,INSPECT_SW_R_MID,0.000,0.000,0.000,1.000,0,1
18:22:57.546,INSPECTING,44.592,14.109,2.238,-0.20,-0.04,-18.67,1.126,3.558,2.638,2.256,1.909,0,WALL,INSPECT_SW_R_MID,0.000,0.000,0.000,1.000,0,1
18:22:57.763,INSPECTING,44.592,14.109,2.238,-0.20,-0.04,-7.21,0.746,1.541,5.828,1.385,1.339,0,WALL,INSPECT_SW_R_MID,0.000,0.000,0.000,1.000,0,1
18:22:57.985,INSPECTING,44.592,14.109,2.238,-0.20,-0.04,4.25,0.579,0.928,2.454,0.910,0.906,0,WALL,INSPECT_SW_R_MID,0.000,0.000,0.000,1.000,0,1
18:22:58.208,INSPECTING,44.592,14.109,2.238,-0.15,0.00,13.01,0.491,0.689,1.211,0.684,0.686,0,WALL,INSPECT_RY_MID_2,0.000,0.000,0.000,-0.510,0,1
18:22:58.420,INSPECTING,44.592,14.109,2.238,-0.15,0.00,6.61,0.493,0.695,1.170,0.693,0.694,0,WALL,INSPECT_RY_MID_2,0.000,0.000,0.000,-0.882,0,1
18:22:58.671,INSPECTING,44.592,14.109,2.238,-0.15,0.00,-3.69,0.549,0.829,1.706,0.830,0.829,0,WALL,INSPECT_RY_MID_2,0.000,0.000,0.000,-0.972,0,1
18:22:58.933,INSPECTING,44.592,14.109,2.238,-0.15,0.00,-14.87,0.673,1.206,5.741,1.192,1.211,0,WALL,INSPECT_RY_MID_2,0.000,0.000,0.000,-0.993,0,1
18:22:59.150,INSPECTING,44.592,14.109,2.238,-0.15,0.00,-26.26,0.920,3.484,3.142,2.134,1.791,0,WALL,INSPECT_RY_MID_2,0.000,0.000,0.000,-0.998,0,1
18:22:59.383,INSPECTING,44.592,14.109,2.238,-0.15,0.00,-37.70,1.491,4.029,2.513,2.549,1.907,0,WALL,INSPECT_RY_MID_2,0.000,0.000,0.000,-1.000,0,1
18:22:59.600,INSPECTING,44.592,14.109,2.238,-0.15,0.00,-49.16,5.795,3.012,1.975,2.621,1.921,0,WALL,INSPECT_RY_MID_2,0.000,0.000,0.000,-1.000,0,1
18:22:59.820,INSPECTING,44.592,14.109,2.238,-0.15,0.00,-60.62,3.418,2.392,1.127,2.258,1.930,0,WALL,INSPECT_RY_MID_2,0.000,0.000,0.000,-1.000,0,1
18:23:00.038,INSPECTING,44.592,14.109,2.238,-0.15,0.00,-72.08,2.717,1.323,0.453,1.940,1.571,0,WALL,INSPECT_RY_MID_2,0.000,0.000,0.000,-1.000,0,1
18:23:00.253,INSPECTING,44.590,14.107,2.235,-0.29,-0.12,-78.04,2.218,0.614,0.370,0.623,0.654,0,WALL,INSPECT_DOWN,0.000,0.000,-0.255,0.000,0,1
18:23:00.466,INSPECTING,44.590,14.106,2.168,-0.72,-0.36,-78.34,2.157,0.495,0.298,0.489,0.474,0,WALL,INSPECT_DOWN,0.000,0.000,-0.441,0.000,0,1
