timestamp,state,x,y,z,roll_deg,pitch_deg,yaw_deg,dist_left,dist_center,dist_right,dist_top,dist_bottom,dtof_alert,collision_event,best_dir,max_space,cmd_vx,cmd_vz,cmd_yaw
22:46:59.868,SEARCHING,0.000,0.000,0.000,0.00,0.00,0.00,10.000,10.000,10.000,10.000,10.000,0,0,SEARCHING,0.000,0.526,0.000,0.000
22:47:01.254,SEARCHING,0.056,0.000,1.000,0.00,0.00,0.00,10.000,10.000,10.000,10.000,10.000,0,0,SEARCHING,0.000,0.734,0.000,0.000
22:47:01.456,SEARCHING,0.208,0.000,1.000,0.00,0.00,0.02,4.503,6.458,3.279,6.501,4.622,0,0,SEARCHING,0.000,0.784,0.023,0.022
22:47:01.657,SEARCHING,0.335,0.001,1.007,0.00,0.00,0.71,2.952,5.376,1.305,5.381,3.786,0,0,SEARCHING,0.000,0.796,0.059,0.184
22:47:01.858,SEARCHING,0.462,0.004,1.020,0.00,0.00,2.14,2.650,4.855,5.158,4.870,3.845,0,0,SEARCHING,0.000,0.799,0.078,0.011
22:47:02.058,SEARCHING,0.590,0.008,1.037,0.00,0.00,1.48,2.546,4.670,5.961,4.677,3.408,0,0,SEARCHING,0.000,0.800,0.094,-0.128
22:47:02.259,SEARCHING,0.718,0.010,1.054,0.00,0.00,0.08,2.547,4.889,5.850,4.923,3.182,0,0,SEARCHING,0.000,0.800,0.093,-0.167
22:47:02.459,SEARCHING,0.846,0.009,1.075,0.00,0.00,-1.49,2.546,5.164,5.474,5.170,3.679,0,0,SEARCHING,0.000,0.800,0.112,-0.170
22:47:02.661,SEARCHING,0.974,0.004,1.096,0.00,0.00,-3.01,2.585,5.770,5.080,5.714,3.453,0,0,SEARCHING,0.000,0.800,0.109,-0.160
22:47:02.861,SEARCHING,1.102,-0.004,1.120,0.00,0.00,-4.42,2.616,6.368,4.744,5.944,3.630,0,0,SEARCHING,0.000,0.800,0.135,-0.147
22:47:03.062,SEARCHING,1.229,-0.015,1.146,0.00,0.00,-5.71,2.677,6.812,4.516,5.876,3.348,0,0,SEARCHING,0.000,0.800,0.131,-0.132
22:47:03.262,SEARCHING,1.357,-0.029,1.172,0.00,0.00,-6.86,2.683,6.942,4.331,5.803,4.657,0,0,SEARCHING,0.000,0.800,0.092,-0.120
22:47:03.464,SEARCHING,1.484,-0.045,1.188,0.00,0.00,-7.91,2.823,7.111,4.171,5.794,4.106,0,0,SEARCHING,0.000,0.800,0.075,-0.106
22:47:03.664,SEARCHING,1.610,-0.064,1.204,0.00,0.00,-8.80,3.091,7.013,3.975,5.729,5.767,0,0,SEARCHING,0.000,0.800,0.056,-0.081
22:47:03.864,SEARCHING,1.737,-0.084,1.214,0.00,0.00,-9.41,3.238,6.995,3.876,5.693,3.627,0,0,SEARCHING,0.000,0.800,0.079,-0.054
22:47:04.065,SEARCHING,1.863,-0.106,1.230,0.00,0.00,-9.83,3.319,6.820,3.782,5.572,4.805,0,0,SEARCHING,0.000,0.800,0.050,-0.038
22:47:04.266,SEARCHING,1.989,-0.128,1.239,0.00,0.00,-10.14,3.367,6.772,3.701,5.405,6.062,0,0,SEARCHING,0.000,0.800,0.030,-0.028
22:47:04.465,SEARCHING,2.115,-0.150,1.245,0.00,0.00,-10.36,3.433,6.745,3.696,5.295,4.462,0,0,SEARCHING,0.000,0.800,0.027,-0.021
22:47:04.666,SEARCHING,2.241,-0.174,1.249,0.00,0.00,-10.53,3.484,6.775,3.660,5.212,4.438,0,0,SEARCHING,0.000,0.800,0.007,-0.015
22:47:04.867,SEARCHING,2.398,-0.203,1.249,0.00,0.00,-10.69,3.503,6.788,3.641,5.033,5.206,0,0,SEARCHING,0.000,0.800,0.002,-0.011
22:47:05.068,SEARCHING,2.540,-0.230,1.252,0.00,0.00,-10.78,3.558,6.847,3.566,4.809,4.841,0,0,SEARCHING,0.000,0.800,0.026,-0.005
22:47:05.268,SEARCHING,2.665,-0.254,1.258,0.00,0.00,-10.81,3.564,6.750,3.570,4.739,3.575,0,0,SEARCHING,0.000,0.800,0.055,-0.002
22:47:05.468,SEARCHING,2.791,-0.278,1.270,0.00,0.00,-10.82,3.582,6.685,3.564,4.650,4.587,0,0,SEARCHING,0.000,0.800,0.055,0.000
22:47:05.669,SEARCHING,2.917,-0.302,1.279,0.00,0.00,-10.81,3.617,6.725,3.574,4.558,4.658,0,0,SEARCHING,0.000,0.800,0.013,0.001
22:47:05.870,SEARCHING,3.042,-0.326,1.282,0.00,0.00,-10.79,3.631,6.701,3.579,4.427,4.128,0,0,SEARCHING,0.000,0.800,0.024,0.002
22:47:06.070,SEARCHING,3.168,-0.350,1.286,0.00,0.00,-10.77,3.641,6.839,3.554,4.294,4.481,0,0,SEARCHING,0.000,0.800,0.006,0.004
22:47:06.271,SEARCHING,3.325,-0.380,1.286,0.00,0.00,-10.71,3.681,6.743,3.564,4.155,3.787,0,0,SEARCHING,0.000,0.800,0.001,0.006
22:47:06.471,SEARCHING,3.483,-0.409,1.286,0.00,0.00,-10.64,3.671,6.633,3.536,3.997,4.410,0,0,SEARCHING,0.000,0.800,0.000,0.007
22:47:06.672,SEARCHING,3.640,-0.439,1.286,0.00,0.00,-10.56,3.687,6.554,3.565,3.865,4.176,0,0,SEARCHING,0.000,0.800,0.000,0.008
22:47:06.873,SEARCHING,3.781,-0.465,1.283,0.00,0.00,-10.48,3.677,6.388,3.622,3.660,5.604,0,0,SEARCHING,0.000,0.800,-0.067,0.005
22:47:07.073,SEARCHING,3.907,-0.488,1.268,0.00,0.00,-10.44,3.680,6.344,3.630,3.571,3.759,0,0,SEARCHING,0.000,0.800,-0.051,0.004
22:47:07.274,SEARCHING,4.033,-0.512,1.261,0.00,0.00,-10.41,3.689,6.163,3.602,3.470,3.415,0,0,SEARCHING,0.000,0.800,-0.012,0.005
22:47:07.474,SEARCHING,4.159,-0.535,1.257,0.00,0.00,-10.37,3.670,6.091,3.599,3.368,4.302,0,0,SEARCHING,0.000,0.800,-0.051,0.004
22:47:07.675,SEARCHING,4.285,-0.558,1.244,0.00,0.00,-10.34,3.655,6.033,3.514,3.263,5.143,0,0,SEARCHING,0.000,0.800,-0.104,0.005
22:47:07.875,SEARCHING,4.411,-0.581,1.222,0.00,0.00,-10.28,3.636,5.925,3.613,3.172,3.671,0,0,SEARCHING,0.000,0.800,-0.093,0.004
22:47:08.076,SEARCHING,4.537,-0.603,1.205,0.00,0.00,-10.26,3.598,5.830,3.584,3.077,4.264,0,0,SEARCHING,0.000,0.800,-0.090,0.002
22:47:08.276,SEARCHING,4.663,-0.626,1.185,0.00,0.00,-10.25,3.549,5.623,3.572,2.920,4.291,0,0,SEARCHING,0.000,0.800,-0.118,-0.000
22:47:08.477,SEARCHING,4.789,-0.649,1.162,0.00,0.00,-10.26,3.489,5.499,3.521,2.808,3.670,0,0,SEARCHING,0.000,0.800,-0.103,-0.002
22:47:08.678,SEARCHING,4.915,-0.672,1.139,0.00,0.00,-10.28,3.431,5.383,3.467,2.737,3.976,0,0,SEARCHING,0.000,0.800,-0.140,-0.002
22:47:08.878,SEARCHING,5.041,-0.695,1.112,0.00,0.00,-10.32,3.348,5.285,3.599,2.668,3.205,0,0,SEARCHING,0.000,0.800,-0.109,-0.009
22:47:09.079,SEARCHING,5.167,-0.718,1.089,0.00,0.00,-10.42,3.311,5.216,3.614,2.629,4.600,0,0,SEARCHING,0.000,0.800,-0.151,-0.015
22:47:09.279,SEARCHING,5.292,-0.741,1.059,0.00,0.00,-10.75,3.278,5.100,5.776,2.666,4.000,0,0,SEARCHING,0.000,0.800,-0.150,-0.069
22:47:09.480,SEARCHING,5.418,-0.766,1.030,0.00,0.00,-11.55,3.250,5.063,5.993,2.725,4.200,0,0,SEARCHING,0.000,0.800,-0.137,-0.101
22:47:09.681,SEARCHING,5.543,-0.792,1.003,0.00,0.00,-12.53,3.251,5.083,5.913,2.770,4.002,0,0,SEARCHING,0.000,0.800,-0.132,-0.109
22:47:09.883,SEARCHING,5.668,-0.821,0.977,0.00,0.00,-13.52,3.291,5.119,5.687,2.853,3.222,0,0,SEARCHING,0.000,0.800,-0.085,-0.106
22:47:10.085,SEARCHING,5.792,-0.852,0.962,0.00,0.00,-14.48,3.284,5.124,5.695,2.924,3.363,0,0,SEARCHING,0.000,0.800,-0.075,-0.103
22:47:10.285,SEARCHING,5.916,-0.885,0.946,0.00,0.00,-15.41,3.349,5.089,5.601,2.955,3.347,0,0,SEARCHING,0.000,0.800,-0.060,-0.100
22:47:10.485,SEARCHING,6.039,-0.919,0.934,0.00,0.00,-16.30,3.384,5.163,5.482,2.994,4.286,0,0,SEARCHING,0.000,0.800,-0.096,-0.094
22:47:10.685,SEARCHING,6.162,-0.956,0.914,0.00,0.00,-17.15,3.404,5.165,5.360,3.000,3.690,0,0,SEARCHING,0.000,0.800,-0.090,-0.090
22:47:10.885,SEARCHING,6.284,-0.995,0.899,0.00,0.00,-17.94,3.443,5.182,4.917,3.061,3.993,0,0,SEARCHING,0.000,0.800,-0.057,-0.080
22:47:11.086,SEARCHING,6.405,-1.035,0.886,0.00,0.00,-18.64,3.446,5.235,5.156,3.087,2.995,0,0,SEARCHING,0.000,0.800,-0.049,-0.076
22:47:11.288,SEARCHING,6.526,-1.076,0.879,0.00,0.00,-19.33,3.437,5.224,4.894,3.118,2.761,0,0,SEARCHING,0.000,0.800,-0.012,-0.073
22:47:11.487,SEARCHING,6.647,-1.119,0.878,0.00,0.00,-19.99,3.410,5.310,4.906,3.154,3.348,0,0,SEARCHING,0.000,0.800,0.009,-0.072
22:47:11.688,SEARCHING,6.797,-1.175,0.878,0.00,0.00,-20.82,3.352,5.494,4.816,4.229,3.003,0,0,SEARCHING,0.000,0.800,0.037,-0.072
22:47:11.888,SEARCHING,6.916,-1.221,0.892,0.00,0.00,-21.48,3.329,5.552,4.721,5.224,2.666,0,0,SEARCHING,0.000,0.800,0.151,-0.071
22:47:12.089,SEARCHING,7.035,-1.269,0.924,0.00,0.00,-22.13,3.327,5.714,4.678,5.415,3.121,0,0,SEARCHING,0.000,0.800,0.168,-0.070
22:47:12.290,SEARCHING,7.154,-1.317,0.956,0.00,0.00,-22.77,3.307,5.854,4.588,5.418,4.418,0,0,SEARCHING,0.000,0.800,0.111,-0.069
22:47:12.490,SEARCHING,7.271,-1.367,0.977,0.00,0.00,-23.38,3.288,6.123,4.442,5.444,4.003,0,0,SEARCHING,0.000,0.800,0.102,-0.065
22:47:12.691,SEARCHING,7.389,-1.419,0.997,0.00,0.00,-23.97,3.268,6.680,4.342,5.477,3.762,0,0,SEARCHING,0.000,0.800,0.100,-0.062
22:47:12.891,SEARCHING,7.505,-1.471,1.018,0.00,0.00,-24.53,3.204,8.135,4.183,5.455,3.444,0,0,SEARCHING,0.000,0.800,0.116,-0.060
22:47:13.092,SEARCHING,7.622,-1.525,1.043,0.00,0.00,-25.07,3.187,8.734,4.128,5.408,4.489,0,0,SEARCHING,0.000,0.800,0.101,-0.058
22:47:13.292,SEARCHING,7.737,-1.580,1.058,0.00,0.00,-25.58,3.214,8.640,3.959,5.327,3.906,0,0,SEARCHING,0.000,0.800,0.049,-0.052
22:47:13.493,SEARCHING,7.853,-1.635,1.067,0.00,0.00,-26.04,3.173,8.528,3.842,5.337,4.222,0,0,SEARCHING,0.000,0.800,0.038,-0.047
22:47:13.693,SEARCHING,7.967,-1.692,1.074,0.00,0.00,-26.44,3.173,8.254,3.532,5.616,4.080,0,0,SEARCHING,0.000,0.800,0.039,-0.037
22:47:13.894,SEARCHING,8.082,-1.749,1.085,0.00,0.00,-26.72,3.146,8.294,3.426,5.727,3.763,0,0,SEARCHING,0.000,0.800,0.090,-0.025
22:47:14.095,SEARCHING,8.196,-1.807,1.105,0.00,0.00,-26.94,3.090,8.197,3.304,5.753,4.609,0,0,SEARCHING,0.000,0.800,0.106,-0.021
22:47:14.295,SEARCHING,8.310,-1.865,1.122,0.00,0.00,-27.11,3.043,7.926,3.157,5.643,4.039,0,0,SEARCHING,0.000,0.800,0.056,-0.016
22:47:14.495,SEARCHING,8.424,-1.923,1.136,0.00,0.00,-27.23,3.032,7.582,3.083,5.664,5.061,0,0,SEARCHING,0.000,0.800,0.066,-0.010
22:47:14.697,SEARCHING,8.538,-1.982,1.148,0.00,0.00,-27.29,3.027,7.660,2.978,5.615,3.383,0,0,SEARCHING,0.000,0.800,0.087,-0.001
22:47:14.898,SEARCHING,8.652,-2.041,1.167,0.00,0.00,-27.26,3.059,7.558,2.780,5.595,3.284,0,0,SEARCHING,0.000,0.800,0.114,0.011
22:47:15.098,SEARCHING,8.765,-2.099,1.192,0.00,0.00,-27.08,3.047,7.203,2.719,5.583,4.252,0,0,SEARCHING,0.000,0.800,0.119,0.026
22:47:15.299,SEARCHING,8.880,-2.157,1.216,0.00,0.00,-26.82,3.050,7.367,2.716,5.433,3.238,0,0,SEARCHING,0.000,0.800,0.135,0.031
22:47:15.499,SEARCHING,8.994,-2.215,1.242,0.00,0.00,-26.52,3.033,7.322,2.627,5.428,3.448,0,0,SEARCHING,0.000,0.800,0.124,0.035
22:47:15.700,SEARCHING,9.109,-2.272,1.265,0.00,0.00,-26.17,2.957,7.171,2.500,5.328,5.227,0,0,SEARCHING,0.000,0.800,0.064,0.043
22:47:15.900,SEARCHING,9.224,-2.328,1.274,0.00,0.00,-25.72,2.913,7.154,2.345,5.314,4.404,0,0,SEARCHING,0.000,0.800,0.015,0.057
22:47:16.102,SEARCHING,9.354,-2.389,1.276,0.00,0.00,-25.11,2.838,6.998,2.401,5.256,4.252,0,0,SEARCHING,0.000,0.800,0.020,0.056
22:47:16.302,SEARCHING,9.470,-2.443,1.283,0.00,0.00,-24.63,2.790,6.941,3.754,5.216,3.765,0,0,SEARCHING,0.000,0.800,0.068,0.013
22:47:16.502,SEARCHING,9.586,-2.497,1.296,0.00,0.00,-25.02,2.743,6.905,5.329,5.247,4.115,0,0,SEARCHING,0.000,0.800,0.063,-0.094
22:47:16.703,SEARCHING,9.702,-2.552,1.310,0.00,0.00,-26.09,2.754,6.780,5.542,5.265,4.171,0,0,SEARCHING,0.000,0.800,0.072,-0.130
22:47:18.258,SEARCHING,9.816,-2.609,1.323,0.00,0.00,-27.35,2.711,6.738,5.525,5.236,3.804,0,0,SEARCHING,0.000,0.800,0.071,-0.144
22:47:18.264,SEARCHING,9.844,-2.624,1.339,0.00,0.00,-27.69,2.711,6.738,5.525,5.236,3.804,0,0,SEARCHING,0.000,0.800,0.083,-0.149
22:47:18.379,SEARCHING,9.943,-2.677,1.355,0.00,0.00,-28.89,3.448,6.606,5.456,5.213,4.216,0,0,SEARCHING,0.000,0.800,0.076,-0.130
22:47:18.568,SEARCHING,10.055,-2.740,1.367,0.00,0.00,-29.74,5.012,6.546,5.406,5.167,4.798,0,0,SEARCHING,0.000,0.800,0.024,-0.050
22:47:18.768,SEARCHING,10.166,-2.803,1.373,0.00,0.00,-30.01,5.181,6.558,5.309,5.126,4.052,0,0,SEARCHING,0.000,0.800,0.050,-0.016
22:47:18.968,SEARCHING,10.277,-2.868,1.384,0.00,0.00,-30.11,5.180,6.487,5.267,5.120,4.054,0,0,SEARCHING,0.000,0.800,0.064,-0.006
22:47:19.168,SEARCHING,10.387,-2.932,1.395,0.00,0.00,-30.14,5.128,6.434,5.137,5.076,4.072,0,0,SEARCHING,0.000,0.800,0.039,-0.002
22:47:19.369,SEARCHING,10.498,-2.996,1.404,0.00,0.00,-30.15,5.121,6.387,5.029,5.090,3.994,0,0,SEARCHING,0.000,0.800,0.063,0.001
22:47:19.572,SEARCHING,10.609,-3.060,1.415,0.00,0.00,-30.12,5.099,6.361,4.928,5.103,4.017,0,0,SEARCHING,0.000,0.800,0.041,0.004
22:47:19.772,SEARCHING,10.719,-3.125,1.422,0.00,0.00,-30.07,5.047,6.305,4.820,5.079,4.477,0,0,SEARCHING,0.000,0.800,0.016,0.006
22:47:19.970,SEARCHING,10.844,-3.197,1.424,0.00,0.00,-30.00,5.059,6.194,4.779,5.014,4.006,0,0,SEARCHING,0.000,0.800,0.022,0.008
22:47:20.170,SEARCHING,10.955,-3.261,1.428,0.00,0.00,-29.92,5.000,6.103,4.769,5.022,4.015,0,0,SEARCHING,0.000,0.800,0.029,0.008
22:47:20.370,SEARCHING,11.066,-3.324,1.436,0.00,0.00,-29.84,4.976,6.028,4.752,5.028,3.828,0,0,SEARCHING,0.000,0.800,0.061,0.008
22:47:20.570,SEARCHING,11.177,-3.388,1.449,0.00,0.00,-29.77,4.927,5.921,4.786,4.953,3.829,0,0,SEARCHING,0.000,0.800,0.071,0.007
22:47:20.770,SEARCHING,11.288,-3.451,1.461,0.00,0.00,-29.72,4.875,5.829,4.844,5.041,4.067,0,0,SEARCHING,0.000,0.800,0.041,0.003
22:47:20.971,SEARCHING,11.399,-3.515,1.469,0.00,0.00,-29.71,4.758,5.733,4.914,5.039,4.078,0,0,SEARCHING,0.000,0.800,0.033,-0.002
22:47:21.172,SEARCHING,11.510,-3.578,1.475,0.00,0.00,-29.75,4.654,5.595,5.012,5.094,3.336,0,0,SEARCHING,0.000,0.800,0.051,-0.008
22:47:21.372,SEARCHING,11.621,-3.642,1.487,0.00,0.00,-29.85,4.569,5.583,5.073,5.037,3.957,0,0,SEARCHING,0.000,0.800,0.069,-0.014
22:47:21.573,SEARCHING,11.732,-3.706,1.499,0.00,0.00,-30.00,4.434,5.522,5.084,5.013,4.298,0,0,SEARCHING,0.000,0.800,0.023,-0.019
22:47:21.774,SEARCHING,11.843,-3.770,1.502,0.00,0.00,-30.20,4.329,5.463,5.045,4.984,4.130,0,0,SEARCHING,0.000,0.800,0.006,-0.023
22:47:21.974,SEARCHING,11.981,-3.851,1.502,0.00,0.00,-30.48,4.152,5.522,5.016,4.944,4.281,0,0,SEARCHING,0.000,0.800,0.001,-0.028
22:47:22.175,SEARCHING,12.119,-3.932,1.502,0.00,0.00,-30.83,3.982,5.457,5.052,4.930,4.053,0,0,SEARCHING,0.000,0.800,0.016,-0.036
22:47:22.375,SEARCHING,12.229,-3.998,1.507,0.00,0.00,-31.19,3.805,5.560,4.995,4.924,3.818,0,0,SEARCHING,0.000,0.800,0.050,-0.044
22:47:22.576,SEARCHING,12.338,-4.065,1.516,0.00,0.00,-31.63,3.658,5.771,4.888,4.904,4.561,0,0,SEARCHING,0.000,0.800,0.019,-0.051
22:47:22.776,SEARCHING,12.460,-4.141,1.518,0.00,0.00,-32.18,3.543,6.532,4.840,4.896,4.505,0,0,SEARCHING,0.000,0.800,0.005,-0.057
22:47:22.977,SEARCHING,12.595,-4.227,1.518,0.00,0.00,-32.86,3.411,7.039,4.776,4.941,4.676,0,0,SEARCHING,0.000,0.800,0.001,-0.062
22:47:23.177,SEARCHING,12.729,-4.314,1.518,0.00,0.00,-33.60,3.213,7.515,4.635,4.882,4.590,0,0,SEARCHING,0.000,0.800,0.000,-0.070
22:47:23.378,SEARCHING,12.862,-4.404,1.518,0.00,0.00,-34.43,3.036,7.409,4.564,4.886,5.063,0,0,SEARCHING,0.000,0.800,0.000,-0.080
22:47:23.578,SEARCHING,12.993,-4.495,1.518,0.00,0.00,-35.38,2.962,7.765,4.382,4.881,5.021,0,0,SEARCHING,0.000,0.800,0.000,-0.086
22:47:23.784,SEARCHING,13.123,-4.589,1.518,0.00,0.00,-36.37,2.969,8.726,4.249,4.886,4.340,0,0,SEARCHING,0.000,0.800,0.000,-0.085
22:47:23.981,SEARCHING,13.251,-4.685,1.518,0.00,0.00,-37.31,3.016,9.598,4.132,4.871,5.783,0,0,SEARCHING,0.000,0.800,0.000,-0.077
22:47:24.181,SEARCHING,13.378,-4.783,1.518,0.00,0.00,-38.16,3.158,9.967,3.940,4.900,4.545,0,0,SEARCHING,0.000,0.800,0.000,-0.064
22:47:24.382,SEARCHING,13.503,-4.882,1.518,0.00,0.00,-38.82,3.198,9.996,3.813,4.843,6.382,0,0,SEARCHING,0.000,0.800,-0.018,-0.048
22:47:24.582,SEARCHING,13.602,-4.963,1.514,0.00,0.00,-39.21,3.240,9.999,3.736,4.834,6.249,0,0,SEARCHING,0.000,0.800,-0.027,-0.038
22:47:24.783,SEARCHING,13.701,-5.044,1.509,0.00,0.00,-39.52,3.308,9.952,3.700,4.834,5.067,0,0,SEARCHING,0.000,0.800,-0.012,-0.030
22:47:24.984,SEARCHING,13.800,-5.125,1.505,0.00,0.00,-39.78,3.311,9.928,3.622,4.899,4.813,0,0,SEARCHING,0.000,0.800,-0.023,-0.025
22:47:25.184,SEARCHING,13.898,-5.207,1.502,0.00,0.00,-39.98,3.337,9.671,3.605,4.907,5.194,0,0,SEARCHING,0.000,0.800,-0.005,-0.020
22:47:25.384,SEARCHING,14.021,-5.311,1.502,0.00,0.00,-40.20,3.350,9.941,3.572,4.875,4.207,0,0,SEARCHING,0.000,0.800,-0.001,-0.017
22:47:25.585,SEARCHING,14.130,-5.404,1.500,0.00,0.00,-40.38,3.224,9.993,3.484,4.859,6.498,0,0,SEARCHING,0.000,0.800,-0.044,-0.017
22:47:25.786,SEARCHING,14.228,-5.487,1.488,0.00,0.00,-40.53,5.025,9.999,3.445,4.879,6.631,0,0,SEARCHING,0.000,0.800,-0.074,0.011
22:47:25.986,SEARCHING,14.325,-5.570,1.474,0.00,0.00,-40.13,5.406,10.000,3.403,4.916,6.586,0,0,SEARCHING,0.000,0.800,-0.063,0.066
22:47:26.187,SEARCHING,14.424,-5.652,1.462,0.00,0.00,-39.44,5.252,10.000,3.414,4.999,7.404,0,0,SEARCHING,0.000,0.800,-0.067,0.080
22:47:26.388,SEARCHING,14.523,-5.732,1.450,0.00,0.00,-38.71,5.013,10.000,3.448,5.061,8.736,0,0,SEARCHING,0.000,0.800,-0.054,0.077
22:47:26.589,SEARCHING,14.623,-5.812,1.438,0.00,0.00,-38.03,4.989,9.995,3.468,5.081,4.739,0,0,SEARCHING,0.000,0.800,-0.042,0.072
22:47:26.789,SEARCHING,14.724,-5.890,1.432,0.00,0.00,-37.38,4.950,9.999,3.446,5.079,5.925,0,0,SEARCHING,0.000,0.800,-0.010,0.071
22:47:26.993,SEARCHING,14.839,-5.977,1.431,0.00,0.00,-36.65,4.792,9.985,3.496,5.117,5.480,0,0,SEARCHING,0.000,0.800,-0.002,0.067
22:47:27.195,SEARCHING,14.968,-6.072,1.431,0.00,0.00,-35.92,4.729,9.983,3.555,5.134,4.438,0,0,SEARCHING,0.000,0.800,-0.001,0.060
22:47:27.396,SEARCHING,15.085,-6.156,1.433,0.00,0.00,-35.33,4.673,9.992,3.537,5.091,5.641,0,0,SEARCHING,0.000,0.800,0.019,0.055
22:47:27.597,SEARCHING,15.190,-6.229,1.435,0.00,0.00,-34.83,4.535,9.954,3.480,5.069,6.494,0,0,SEARCHING,0.000,0.800,-0.034,0.054
22:47:27.796,SEARCHING,15.295,-6.302,1.429,0.00,0.00,-34.35,4.331,9.888,3.415,5.077,5.360,0,0,SEARCHING,0.000,0.800,-0.013,0.051
22:47:27.994,SEARCHING,15.415,-6.383,1.427,0.00,0.00,-33.84,4.275,9.576,6.038,5.104,5.064,0,0,SEARCHING,0.000,0.800,-0.003,0.016
22:47:28.194,SEARCHING,15.547,-6.472,1.427,0.00,0.00,-34.02,4.098,9.215,9.408,5.123,4.157,0,0,SEARCHING,0.000,0.800,0.016,-0.068
22:47:28.394,SEARCHING,15.653,-6.544,1.431,0.00,0.00,-34.82,4.052,9.163,9.901,5.138,4.402,0,0,SEARCHING,0.000,0.800,0.009,-0.102
22:47:28.594,SEARCHING,15.784,-6.637,1.431,0.00,0.00,-36.06,3.930,9.348,9.988,5.140,5.664,0,0,SEARCHING,0.000,0.800,0.002,-0.117
22:47:28.795,SEARCHING,15.912,-6.732,1.431,0.00,0.00,-37.36,5.446,9.456,9.734,5.152,4.408,0,0,SEARCHING,0.000,0.800,0.001,-0.094
22:47:28.997,SEARCHING,16.038,-6.830,1.431,0.00,0.00,-38.29,5.954,9.692,9.391,5.125,5.575,0,0,SEARCHING,0.000,0.800,0.000,-0.064
22:47:29.197,SEARCHING,16.163,-6.930,1.431,0.00,0.00,-38.95,6.305,9.837,9.352,5.160,4.216,0,0,SEARCHING,0.000,0.800,0.016,-0.048
22:47:29.397,SEARCHING,16.263,-7.011,1.437,0.00,0.00,-39.35,6.718,9.889,9.382,5.027,3.855,0,0,SEARCHING,0.000,0.800,0.057,-0.039
22:47:29.599,SEARCHING,16.361,-7.092,1.449,0.00,0.00,-39.68,6.836,9.822,9.125,5.027,4.022,0,0,SEARCHING,0.000,0.800,0.066,-0.033
22:47:29.799,SEARCHING,16.460,-7.174,1.460,0.00,0.00,-39.96,6.774,9.856,8.672,5.024,4.411,0,0,SEARCHING,0.000,0.800,0.022,-0.028
22:47:29.999,SEARCHING,16.558,-7.257,1.463,0.00,0.00,-40.20,6.737,9.705,8.773,5.051,4.410,0,0,SEARCHING,0.000,0.800,0.005,-0.026
22:47:30.200,SEARCHING,16.680,-7.360,1.463,0.00,0.00,-40.52,6.585,9.479,8.955,5.023,4.222,0,0,SEARCHING,0.000,0.800,0.001,-0.030
22:47:30.401,SEARCHING,16.801,-7.464,1.463,0.00,0.00,-40.88,6.487,9.530,9.360,5.080,4.846,0,0,SEARCHING,0.000,0.800,0.000,-0.034
22:47:30.601,SEARCHING,16.922,-7.570,1.463,0.00,0.00,-41.28,6.405,9.533,8.552,5.040,5.338,0,0,SEARCHING,0.000,0.800,0.000,-0.034
22:47:30.801,SEARCHING,17.042,-7.676,1.463,0.00,0.00,-41.65,6.362,9.534,8.672,5.080,5.890,0,0,SEARCHING,0.000,0.800,0.000,-0.032
22:47:31.002,SEARCHING,17.161,-7.782,1.463,0.00,0.00,-42.04,6.323,9.534,8.903,5.003,4.176,0,0,SEARCHING,0.000,0.800,0.000,-0.036
22:47:31.202,SEARCHING,17.279,-7.890,1.463,0.00,0.00,-42.45,6.322,9.534,8.654,5.051,4.169,0,0,SEARCHING,0.000,0.800,0.015,-0.035
22:47:31.403,SEARCHING,17.374,-7.976,1.466,0.00,0.00,-42.77,6.240,9.495,8.819,5.001,4.689,0,0,SEARCHING,0.000,0.800,0.009,-0.036
22:47:31.604,SEARCHING,17.491,-8.085,1.466,0.00,0.00,-43.18,6.255,9.527,8.533,4.990,3.968,0,0,SEARCHING,0.000,0.800,0.021,-0.036
22:47:31.804,SEARCHING,17.584,-8.173,1.471,0.00,0.00,-43.50,6.226,9.534,8.416,5.047,5.546,0,0,SEARCHING,0.000,0.800,0.011,-0.035
22:47:32.005,SEARCHING,17.688,-8.273,1.472,0.00,0.00,-43.85,6.191,9.273,8.213,5.011,5.565,0,0,SEARCHING,0.000,0.800,0.003,-0.033
22:47:32.206,SEARCHING,17.803,-8.384,1.472,0.00,0.00,-44.22,6.136,9.345,7.895,5.014,6.724,0,0,SEARCHING,0.000,0.800,-0.018,-0.031
22:47:32.406,SEARCHING,17.895,-8.473,1.466,0.00,0.00,-44.50,6.059,9.456,7.757,5.009,4.883,0,0,SEARCHING,0.000,0.800,-0.033,-0.030
22:47:32.607,SEARCHING,17.986,-8.563,1.461,0.00,0.00,-44.77,6.030,9.401,7.767,5.032,5.746,0,0,SEARCHING,0.000,0.800,-0.008,-0.029
22:47:32.807,SEARCHING,18.099,-8.676,1.461,0.00,0.00,-45.11,5.976,9.470,7.995,5.040,4.299,0,0,SEARCHING,0.000,0.800,-0.002,-0.032
22:47:33.008,SEARCHING,18.212,-8.790,1.461,0.00,0.00,-45.49,5.880,9.527,8.138,5.015,5.526,0,0,SEARCHING,0.000,0.800,-0.000,-0.035
22:47:33.208,SEARCHING,18.323,-8.904,1.461,0.00,0.00,-45.91,5.869,9.533,7.954,5.046,4.432,0,0,SEARCHING,0.000,0.800,-0.000,-0.036
22:47:33.408,SEARCHING,18.423,-9.008,1.459,0.00,0.00,-46.28,5.867,9.612,7.912,5.039,7.594,0,0,SEARCHING,0.000,0.800,-0.043,-0.036
22:47:33.609,SEARCHING,18.511,-9.101,1.448,0.00,0.00,-46.60,5.815,9.616,7.585,5.027,7.452,0,0,SEARCHING,0.000,0.800,-0.075,-0.034
22:47:33.810,SEARCHING,18.599,-9.194,1.434,0.00,0.00,-46.90,5.861,9.448,7.670,5.122,6.000,0,0,SEARCHING,0.000,0.800,-0.046,-0.032
22:47:34.011,SEARCHING,18.686,-9.288,1.427,0.00,0.00,-47.19,5.803,9.615,7.586,5.141,4.235,0,0,SEARCHING,0.000,0.800,-0.011,-0.032
22:47:34.212,SEARCHING,18.773,-9.382,1.424,0.00,0.00,-47.49,5.768,9.524,7.443,5.153,6.157,0,0,SEARCHING,0.000,0.800,-0.021,-0.032
22:47:34.412,SEARCHING,18.860,-9.476,1.419,0.00,0.00,-47.78,5.737,9.624,7.406,5.128,4.464,0,0,SEARCHING,0.000,0.800,-0.013,-0.031
22:47:34.612,SEARCHING,18.956,-9.583,1.418,0.00,0.00,-48.10,5.740,9.465,7.373,5.099,5.674,0,0,SEARCHING,0.000,0.800,-0.003,-0.031
22:47:34.813,SEARCHING,19.063,-9.703,1.418,0.00,0.00,-48.45,5.631,9.519,7.420,5.121,5.005,0,0,SEARCHING,0.000,0.800,-0.001,-0.032
22:47:35.014,SEARCHING,19.168,-9.823,1.418,0.00,0.00,-48.83,5.587,9.532,7.440,5.101,5.472,0,0,SEARCHING,0.000,0.800,-0.000,-0.034
22:47:35.214,SEARCHING,19.273,-9.943,1.418,0.00,0.00,-49.23,5.511,9.827,7.388,5.159,4.726,0,0,SEARCHING,0.000,0.800,-0.000,-0.036
22:47:35.415,SEARCHING,19.367,-10.053,1.420,0.00,0.00,-49.61,5.549,9.929,7.207,5.151,4.440,0,0,SEARCHING,0.000,0.800,0.020,-0.036
22:47:35.615,SEARCHING,19.450,-10.150,1.425,0.00,0.00,-49.92,5.590,9.977,7.160,5.192,5.140,0,0,SEARCHING,0.000,0.800,0.029,-0.033
22:47:35.817,SEARCHING,19.532,-10.248,1.429,0.00,0.00,-50.21,5.624,9.967,7.133,5.170,6.181,0,0,SEARCHING,0.000,0.800,0.007,-0.031
22:47:36.016,SEARCHING,19.634,-10.372,1.429,0.00,0.00,-50.56,5.598,9.975,7.148,5.140,7.587,0,0,SEARCHING,0.000,0.800,-0.021,-0.031
22:47:36.217,SEARCHING,19.715,-10.471,1.424,0.00,0.00,-50.84,5.543,9.970,7.139,5.159,5.948,0,0,SEARCHING,0.000,0.800,-0.013,-0.031
22:47:36.418,SEARCHING,19.796,-10.570,1.421,0.00,0.00,-51.13,5.573,9.969,7.039,5.114,4.767,0,0,SEARCHING,0.000,0.800,-0.022,-0.031
22:47:36.620,SEARCHING,19.876,-10.670,1.418,0.00,0.00,-51.41,5.552,9.952,6.952,5.131,3.904,0,0,SEARCHING,0.000,0.800,0.017,-0.030
22:47:36.820,SEARCHING,19.955,-10.770,1.422,0.00,0.00,-51.68,5.531,9.795,7.048,5.123,6.056,0,0,SEARCHING,0.000,0.800,0.012,-0.030
22:47:37.021,SEARCHING,20.035,-10.871,1.421,0.00,0.00,-51.96,5.458,9.740,6.974,5.131,5.884,0,0,SEARCHING,0.000,0.800,-0.019,-0.032
22:47:37.221,SEARCHING,20.123,-10.984,1.420,0.00,0.00,-52.29,5.449,9.807,6.939,5.123,7.743,0,0,SEARCHING,0.000,0.800,-0.028,-0.032
22:47:37.422,SEARCHING,20.201,-11.086,1.414,0.00,0.00,-52.58,5.422,9.667,6.843,5.159,5.117,0,0,SEARCHING,0.000,0.800,-0.015,-0.031
22:47:37.623,SEARCHING,20.279,-11.188,1.412,0.00,0.00,-52.86,5.439,9.656,6.743,5.145,4.561,0,0,SEARCHING,0.000,0.800,0.015,-0.030
22:47:37.822,SEARCHING,20.365,-11.303,1.414,0.00,0.00,-53.15,5.447,9.412,6.731,5.200,4.322,0,0,SEARCHING,0.000,0.800,0.004,-0.028
22:47:38.024,SEARCHING,20.451,-11.418,1.416,0.00,0.00,-53.45,5.448,9.234,6.702,5.213,4.112,0,0,SEARCHING,0.000,0.800,0.048,-0.028
22:47:38.224,SEARCHING,20.527,-11.521,1.425,0.00,0.00,-53.70,5.497,9.162,6.580,5.179,6.253,0,0,SEARCHING,0.000,0.800,0.018,-0.026
22:47:38.424,SEARCHING,20.603,-11.624,1.426,0.00,0.00,-53.93,5.476,8.997,6.545,5.102,6.677,0,0,SEARCHING,0.000,0.800,-0.032,-0.024
22:47:38.624,SEARCHING,20.678,-11.728,1.422,0.00,0.00,-54.15,5.502,9.163,6.538,5.116,5.994,0,0,SEARCHING,0.000,0.800,-0.008,-0.024
22:47:38.825,SEARCHING,20.772,-11.858,1.422,0.00,0.00,-54.42,5.492,8.882,6.457,5.100,5.963,0,0,SEARCHING,0.000,0.800,-0.002,-0.023
22:47:39.026,SEARCHING,20.864,-11.988,1.422,0.00,0.00,-54.68,5.455,8.814,6.424,5.096,6.970,0,0,SEARCHING,0.000,0.800,-0.019,-0.022
22:47:39.226,SEARCHING,20.938,-12.093,1.417,0.00,0.00,-54.87,5.482,8.752,6.329,5.169,5.066,0,0,SEARCHING,0.000,0.800,-0.011,-0.021
22:47:39.427,SEARCHING,21.012,-12.198,1.413,0.00,0.00,-55.06,5.494,8.647,6.345,5.199,5.155,0,0,SEARCHING,0.000,0.800,-0.014,-0.020
22:47:39.628,SEARCHING,21.085,-12.303,1.409,0.00,0.00,-55.24,5.432,8.655,6.276,5.174,6.482,0,0,SEARCHING,0.000,0.800,-0.027,-0.020
22:47:39.829,SEARCHING,21.158,-12.408,1.403,0.00,0.00,-55.42,5.445,8.505,6.212,5.239,5.679,0,0,SEARCHING,0.000,0.800,-0.032,-0.019
22:47:40.030,SEARCHING,21.230,-12.513,1.398,0.00,0.00,-55.58,5.448,8.495,6.085,5.250,7.634,0,0,SEARCHING,0.000,0.800,-0.029,-0.017
22:47:40.231,SEARCHING,21.303,-12.619,1.393,0.00,0.00,-55.73,5.448,8.494,6.018,5.189,5.307,0,0,SEARCHING,0.000,0.800,-0.014,-0.015
22:47:40.430,SEARCHING,21.375,-12.725,1.391,0.00,0.00,-55.86,5.429,8.580,5.931,5.269,4.263,0,0,SEARCHING,0.000,0.800,0.031,-0.013
22:47:40.630,SEARCHING,21.446,-12.831,1.397,0.00,0.00,-55.98,5.388,8.492,6.013,5.242,4.183,0,0,SEARCHING,0.000,0.800,0.030,-0.014
22:47:40.831,SEARCHING,21.518,-12.937,1.400,0.00,0.00,-56.11,5.422,8.477,5.893,5.215,7.741,0,0,SEARCHING,0.000,0.800,-0.033,-0.014
22:47:41.032,SEARCHING,21.589,-13.043,1.393,0.00,0.00,-56.22,5.401,8.746,5.809,5.195,7.066,0,0,SEARCHING,0.000,0.800,-0.034,-0.012
22:47:41.232,SEARCHING,21.660,-13.150,1.384,0.00,0.00,-56.33,5.401,8.897,5.791,5.257,5.252,0,0,SEARCHING,0.000,0.800,-0.045,-0.011
22:47:41.433,SEARCHING,21.731,-13.256,1.378,0.00,0.00,-56.42,5.383,9.132,5.804,5.314,4.470,0,0,SEARCHING,0.000,0.800,-0.011,-0.011
22:47:41.634,SEARCHING,21.811,-13.376,1.377,0.00,0.00,-56.53,5.418,9.205,5.779,5.332,5.890,0,0,SEARCHING,0.000,0.800,-0.003,-0.010
22:47:41.834,SEARCHING,21.890,-13.497,1.375,0.00,0.00,-56.63,5.445,9.340,5.679,5.363,8.198,0,0,SEARCHING,0.000,0.800,-0.050,-0.008
22:47:42.036,SEARCHING,21.960,-13.603,1.365,0.00,0.00,-56.69,5.495,9.518,5.647,5.331,4.647,0,0,SEARCHING,0.000,0.800,-0.020,-0.007
22:47:42.236,SEARCHING,22.039,-13.724,1.363,0.00,0.00,-56.75,5.496,9.846,5.575,5.351,3.727,0,0,SEARCHING,0.000,0.800,0.025,-0.004
22:47:42.436,SEARCHING,22.109,-13.831,1.369,0.00,0.00,-56.78,5.521,9.688,5.542,5.334,4.565,0,0,SEARCHING,0.000,0.800,0.016,-0.002
22:47:42.636,SEARCHING,22.188,-13.951,1.371,0.00,0.00,-56.80,5.576,9.892,5.657,5.242,6.467,0,0,SEARCHING,0.000,0.800,0.004,-0.002
22:47:42.837,SEARCHING,22.276,-14.085,1.371,0.00,0.00,-56.82,5.580,9.949,5.685,5.205,4.343,0,0,SEARCHING,0.000,0.800,0.001,-0.002
22:47:43.037,SEARCHING,22.363,-14.219,1.371,0.00,0.00,-56.84,5.494,9.980,5.609,5.175,4.386,0,0,SEARCHING,0.000,0.800,0.000,-0.003
22:47:43.240,SEARCHING,22.451,-14.353,1.371,0.00,0.00,-56.88,5.389,9.952,5.646,5.051,4.165,0,0,SEARCHING,0.000,0.800,0.015,-0.004
22:47:43.440,SEARCHING,22.521,-14.460,1.374,0.00,0.00,-56.93,5.329,9.949,5.667,4.903,4.753,0,0,SEARCHING,0.000,0.800,0.009,-0.008
22:47:43.641,SEARCHING,22.608,-14.595,1.374,0.00,0.00,-57.03,5.322,9.888,5.594,4.729,5.357,0,0,SEARCHING,0.000,0.800,0.002,-0.008
22:47:43.840,SEARCHING,22.695,-14.729,1.374,0.00,0.00,-57.12,5.296,9.761,5.628,4.622,4.173,0,0,SEARCHING,0.000,0.800,0.001,-0.008
22:47:44.041,SEARCHING,22.782,-14.863,1.374,0.00,0.00,-57.22,5.282,9.561,5.649,4.477,4.255,0,0,SEARCHING,0.000,0.800,0.000,-0.009
22:47:44.242,SEARCHING,22.860,-14.984,1.371,0.00,0.00,-57.31,5.274,9.537,5.681,4.346,5.259,0,0,SEARCHING,0.000,0.800,-0.033,-0.010
22:47:44.443,SEARCHING,22.929,-15.092,1.366,0.00,0.00,-57.41,5.254,9.245,5.671,4.177,4.857,0,0,SEARCHING,0.000,0.800,-0.008,-0.011
22:47:44.643,SEARCHING,23.015,-15.227,1.366,0.00,0.00,-57.53,5.239,9.164,5.718,4.053,4.230,0,0,SEARCHING,0.000,0.800,-0.002,-0.012
22:47:44.844,SEARCHING,23.100,-15.362,1.366,0.00,0.00,-57.68,5.223,8.897,5.775,3.861,3.890,0,0,SEARCHING,0.000,0.800,-0.000,-0.014
22:47:45.044,SEARCHING,23.177,-15.484,1.365,0.00,0.00,-57.82,5.267,8.817,5.760,3.730,5.392,0,0,SEARCHING,0.000,0.800,-0.052,-0.014
22:47:45.247,SEARCHING,23.245,-15.592,1.351,0.00,0.00,-57.94,5.208,8.803,5.780,3.627,5.872,0,0,SEARCHING,0.000,0.800,-0.101,-0.014
22:47:45.447,SEARCHING,23.313,-15.701,1.331,0.00,0.00,-58.08,5.201,8.530,5.749,3.517,4.342,0,0,SEARCHING,0.000,0.800,-0.079,-0.015
22:47:45.646,SEARCHING,23.381,-15.810,1.314,0.00,0.00,-58.21,5.201,8.390,5.731,3.408,4.096,0,0,SEARCHING,0.000,0.800,-0.082,-0.015
22:47:45.847,SEARCHING,23.448,-15.918,1.297,0.00,0.00,-58.34,5.158,8.235,5.701,3.251,5.853,0,0,SEARCHING,0.000,0.800,-0.126,-0.014
22:47:46.048,SEARCHING,23.515,-16.027,1.271,0.00,0.00,-58.48,5.180,8.177,5.719,3.092,4.649,0,0,SEARCHING,0.000,0.800,-0.127,-0.014
22:47:46.248,SEARCHING,23.582,-16.137,1.245,0.00,0.00,-58.61,5.175,8.072,5.685,2.979,3.890,0,0,SEARCHING,0.000,0.800,-0.128,-0.014
22:47:46.448,SEARCHING,23.649,-16.246,1.222,0.00,0.00,-58.74,5.188,7.921,5.652,2.895,3.346,0,0,SEARCHING,0.000,0.800,-0.082,-0.014
22:47:46.650,SEARCHING,23.715,-16.355,1.204,0.00,0.00,-58.86,5.191,7.760,5.664,2.851,3.907,0,0,SEARCHING,0.000,0.800,-0.112,-0.013
22:47:46.850,SEARCHING,23.781,-16.465,1.178,0.00,0.00,-58.98,5.175,7.643,5.704,2.864,5.372,0,0,SEARCHING,0.000,0.800,-0.176,-0.014
22:47:47.052,SEARCHING,23.847,-16.575,1.143,0.00,0.00,-59.11,5.186,7.504,5.693,2.951,4.716,0,0,SEARCHING,0.000,0.800,-0.155,-0.014
22:47:47.253,SEARCHING,23.912,-16.685,1.117,0.00,0.00,-59.24,5.156,7.408,5.661,5.416,4.324,0,0,SEARCHING,0.000,0.800,-0.038,-0.014
22:47:47.456,SEARCHING,23.978,-16.795,1.116,0.00,0.00,-59.36,5.195,7.233,5.724,5.990,4.334,0,0,SEARCHING,0.000,0.800,0.063,-0.014
22:47:47.654,SEARCHING,24.043,-16.905,1.131,0.00,0.00,-59.49,5.200,7.160,5.650,6.018,4.915,0,0,SEARCHING,0.000,0.800,0.061,-0.014
22:47:47.859,SEARCHING,24.108,-17.015,1.142,0.00,0.00,-59.61,5.200,7.152,5.631,5.926,5.066,0,0,SEARCHING,0.000,0.800,0.024,-0.013
22:47:48.058,SEARCHING,24.172,-17.126,1.148,0.00,0.00,-59.73,5.245,6.970,5.643,5.946,4.504,0,0,SEARCHING,0.000,0.800,0.054,-0.011
22:47:48.258,SEARCHING,24.237,-17.236,1.157,0.00,0.00,-59.83,5.285,6.938,5.598,5.884,3.925,0,0,SEARCHING,0.000,0.800,0.050,-0.010
22:47:48.458,SEARCHING,24.301,-17.347,1.171,0.00,0.00,-59.91,5.233,6.779,5.542,5.876,5.081,0,0,SEARCHING,0.000,0.800,0.076,-0.009
22:47:48.660,SEARCHING,24.365,-17.458,1.182,0.00,0.00,-59.99,5.257,6.736,5.639,5.847,4.154,0,0,SEARCHING,0.000,0.800,0.043,-0.009
22:47:48.860,SEARCHING,24.429,-17.569,1.191,0.00,0.00,-60.08,5.271,6.571,5.650,5.750,5.125,0,0,SEARCHING,0.000,0.800,0.019,-0.009
22:47:49.067,SEARCHING,24.493,-17.680,1.195,0.00,0.00,-60.17,5.233,6.543,5.709,5.725,4.937,0,0,SEARCHING,0.000,0.800,0.028,-0.011
22:47:49.266,SEARCHING,24.557,-17.791,1.202,0.00,0.00,-60.27,5.237,6.378,5.678,5.767,4.189,0,0,SEARCHING,0.000,0.800,0.060,-0.012
22:47:49.465,SEARCHING,24.620,-17.902,1.214,0.00,0.00,-60.38,5.282,6.247,5.628,5.709,4.108,0,0,SEARCHING,0.000,0.800,0.067,-0.010
22:47:49.667,SEARCHING,24.683,-18.013,1.229,0.00,0.00,-60.47,5.285,6.189,5.562,5.675,3.456,0,0,SEARCHING,0.000,0.800,0.096,-0.010
22:47:49.867,SEARCHING,24.746,-18.125,1.248,0.00,0.00,-60.55,5.291,6.041,5.529,5.669,4.145,0,0,SEARCHING,0.000,0.800,0.089,-0.008
22:47:50.068,SEARCHING,24.809,-18.236,1.265,0.00,0.00,-60.61,5.275,5.918,5.444,5.643,3.495,0,0,SEARCHING,0.000,0.800,0.091,-0.006
22:47:50.268,SEARCHING,24.872,-18.348,1.284,0.00,0.00,-60.66,5.310,5.798,5.480,5.579,4.233,0,0,SEARCHING,0.000,0.800,0.085,-0.005
22:47:50.469,SEARCHING,24.934,-18.459,1.300,0.00,0.00,-60.70,5.320,5.688,5.337,5.527,4.912,0,0,SEARCHING,0.000,0.800,0.050,-0.002
22:47:51.868,SEARCHING,24.989,-18.557,1.307,0.00,0.00,-60.71,5.320,5.698,5.296,5.503,4.511,0,0,SEARCHING,0.000,0.800,0.012,-0.000
22:47:51.933,SEARCHING,25.044,-18.655,1.309,0.00,0.00,-60.71,5.321,5.496,5.241,5.486,3.643,0,0,SEARCHING,0.000,0.800,0.036,0.001
22:47:52.111,SEARCHING,25.107,-18.766,1.316,0.00,0.00,-60.69,5.309,5.357,5.183,5.307,4.694,0,0,SEARCHING,0.000,0.800,0.020,0.003
22:47:52.309,SEARCHING,25.169,-18.878,1.321,0.00,0.00,-60.66,5.237,5.179,5.108,5.152,4.574,0,0,SEARCHING,0.000,0.800,0.023,0.003
22:47:52.508,SEARCHING,25.232,-18.990,1.324,0.00,0.00,-60.63,5.170,5.055,5.015,5.036,4.020,0,0,SEARCHING,0.000,0.800,0.024,0.004
22:47:52.709,SEARCHING,25.295,-19.101,1.331,0.00,0.00,-60.59,5.060,4.941,4.901,4.977,3.937,0,0,SEARCHING,0.000,0.800,0.049,0.005
22:47:52.912,SEARCHING,25.358,-19.213,1.339,0.00,0.00,-60.55,4.953,4.810,4.790,4.881,4.511,0,0,SEARCHING,0.000,0.800,0.018,0.005
22:47:53.113,SEARCHING,25.421,-19.324,1.343,0.00,0.00,-60.50,4.798,4.697,4.688,4.705,3.906,0,0,SEARCHING,0.000,0.800,0.038,0.005
22:47:53.311,SEARCHING,25.484,-19.435,1.350,0.00,0.00,-60.46,4.698,4.603,4.595,4.605,4.025,0,0,SEARCHING,0.000,0.800,0.015,0.004
22:47:53.511,SEARCHING,25.555,-19.561,1.352,0.00,0.00,-60.42,4.594,4.478,4.455,4.478,3.821,0,0,SEARCHING,0.000,0.800,0.003,0.005
22:47:53.712,SEARCHING,25.626,-19.686,1.354,0.00,0.00,-60.36,4.473,4.367,4.314,4.367,3.645,0,0,SEARCHING,0.000,0.800,0.042,0.006
22:47:53.913,SEARCHING,25.689,-19.797,1.363,0.00,0.00,-60.31,4.352,4.285,4.200,4.273,3.881,0,0,SEARCHING,0.000,0.800,0.034,0.006
22:47:54.112,SEARCHING,25.753,-19.908,1.368,0.00,0.00,-60.25,4.228,4.139,4.065,4.140,3.818,0,0,SEARCHING,0.000,0.800,0.008,0.007
22:47:54.314,SEARCHING,25.832,-20.047,1.368,0.00,0.00,-60.17,4.070,3.987,3.922,3.987,3.763,0,0,SEARCHING,0.000,0.800,0.002,0.008
22:47:54.514,SEARCHING,25.912,-20.186,1.368,0.00,0.00,-60.08,3.883,3.805,3.730,3.810,3.653,0,0,SEARCHING,0.000,0.800,0.000,0.008
22:47:54.715,SEARCHING,25.992,-20.324,1.368,0.00,0.00,-59.98,3.730,3.649,3.572,3.643,3.593,0,0,SEARCHING,0.000,0.800,0.000,0.009
22:47:54.915,SEARCHING,26.072,-20.463,1.368,0.00,0.00,-59.88,3.590,3.511,3.456,3.510,3.497,0,0,SEARCHING,0.000,0.800,0.000,0.009
22:47:55.115,SEARCHING,26.153,-20.601,1.368,0.00,0.00,-59.77,3.458,3.366,3.311,3.374,3.377,0,0,SEARCHING,0.000,0.800,0.000,0.010
22:47:55.317,SEARCHING,26.233,-20.739,1.368,0.00,0.00,-59.66,3.290,3.230,3.180,3.230,3.228,0,0,SEARCHING,0.000,0.800,0.000,0.009
22:47:55.517,SEARCHING,26.314,-20.877,1.368,0.00,0.00,-59.56,3.165,3.090,3.031,3.090,3.101,0,0,SEARCHING,0.000,0.800,0.000,0.010
22:47:55.717,SEARCHING,26.395,-21.015,1.368,0.00,0.00,-59.44,2.960,2.908,2.874,2.919,2.913,0,0,SEARCHING,0.000,0.800,0.000,0.010
22:47:55.918,SEARCHING,26.477,-21.153,1.368,0.00,0.00,-59.33,2.819,2.782,2.727,2.783,2.777,0,0,SEARCHING,0.000,0.800,0.000,0.009
22:47:56.118,SEARCHING,26.559,-21.291,1.368,0.00,0.00,-59.23,2.686,2.625,2.575,2.622,2.616,0,0,SEARCHING,0.000,0.800,0.000,0.011
22:47:56.319,SEARCHING,26.641,-21.428,1.368,0.00,0.00,-59.10,2.508,2.464,2.412,2.466,2.464,0,0,SEARCHING,0.000,0.800,0.000,0.012
22:47:56.520,SEARCHING,26.723,-21.565,1.368,0.00,0.00,-58.96,2.380,2.344,2.292,2.339,2.337,0,0,SEARCHING,0.000,0.800,0.000,0.012
22:47:56.720,SEARCHING,26.805,-21.702,1.368,0.00,0.00,-58.81,2.208,2.158,2.100,2.152,2.155,0,0,SEARCHING,0.000,0.800,0.000,0.016
22:47:56.925,SEARCHING,26.889,-21.839,1.368,0.00,0.00,-58.62,2.048,2.007,1.956,2.006,2.002,0,0,SEARCHING,0.000,0.799,0.000,0.018
22:47:57.124,SEARCHING,26.971,-21.973,1.368,0.00,0.00,-58.40,1.896,1.847,1.798,1.847,1.846,0,0,SEARCHING,0.000,0.738,0.000,0.021
22:47:57.326,SEARCHING,27.045,-22.093,1.368,0.00,0.00,-58.14,1.752,1.702,1.655,1.702,1.703,0,0,SEARCHING,0.000,0.641,0.000,0.024
22:47:57.526,SEARCHING,27.109,-22.196,1.368,0.00,0.00,-57.85,1.638,1.594,1.552,1.594,1.595,0,0,SEARCHING,0.000,0.553,0.000,0.027
22:47:57.727,SEARCHING,27.165,-22.284,1.368,0.00,0.00,-57.53,1.511,1.467,1.422,1.464,1.466,0,0,SEARCHING,0.000,0.475,0.000,0.030
22:47:57.927,SEARCHING,27.214,-22.360,1.368,0.00,0.00,-57.16,1.418,1.373,1.324,1.370,1.371,0,0,SEARCHING,0.000,0.411,0.000,0.036
22:47:58.128,SEARCHING,27.256,-22.426,1.368,0.00,0.00,-56.73,1.346,1.303,1.256,1.301,1.302,0,0,SEARCHING,0.000,0.362,0.000,0.040
22:47:58.329,SEARCHING,27.294,-22.484,1.368,0.00,0.00,-56.26,1.265,1.217,1.171,1.216,1.217,0,0,SEARCHING,0.000,0.319,0.000,0.046
22:47:58.529,SEARCHING,27.329,-22.535,1.368,0.00,0.00,-55.70,1.212,1.163,1.118,1.164,1.164,0,0,SEARCHING,0.000,0.285,0.000,0.052
22:47:58.729,SEARCHING,27.360,-22.580,1.368,0.00,0.00,-55.08,1.149,1.098,1.051,1.096,1.098,0,0,SEARCHING,0.000,0.261,0.000,0.059
22:47:58.930,SEARCHING,27.390,-22.622,1.368,0.00,0.00,-54.37,1.107,1.052,1.008,1.054,1.056,0,0,SEARCHING,0.000,0.253,0.000,0.067
22:47:59.131,SEARCHING,27.419,-22.663,1.368,0.00,0.00,-53.57,1.053,0.997,0.947,0.997,0.997,0,0,SEARCHING,0.000,0.251,0.000,0.077
22:47:59.331,SEARCHING,27.449,-22.703,1.368,0.00,0.00,-52.65,1.009,0.949,0.900,0.949,0.950,0,0,SEARCHING,0.000,0.250,0.000,0.088
22:47:59.532,SEARCHING,27.480,-22.742,1.368,0.00,0.00,-51.58,0.965,0.903,0.849,0.899,0.903,0,0,SEARCHING,0.000,0.250,0.000,0.103
22:47:59.733,SEARCHING,27.511,-22.781,1.368,0.00,0.00,-50.34,0.928,0.864,0.807,0.863,0.863,0,0,SEARCHING,0.000,0.250,0.000,0.119
22:47:59.933,SEARCHING,27.544,-22.819,1.368,0.00,0.00,-48.90,0.879,0.811,0.753,0.811,0.810,0,0,SEARCHING,0.000,0.250,0.000,0.138
22:48:00.134,INSPECTING,27.576,-22.855,1.368,0.00,0.00,-47.15,0.844,0.774,0.714,0.773,0.774,0,0,INSPECT_LEFT,0.000,0.172,0.000,0.328
22:48:00.334,INSPECTING,27.600,-22.880,1.368,0.00,0.00,-42.67,0.825,0.738,0.667,0.737,0.737,0,0,INSPECT_LEFT,0.000,0.167,0.000,0.459
22:48:00.535,INSPECTING,27.625,-22.901,1.368,0.00,0.00,-37.24,0.836,0.723,0.637,0.723,0.723,0,0,INSPECT_LEFT,0.000,0.166,0.000,0.490
22:48:00.736,INSPECTING,27.653,-22.920,1.368,0.00,0.00,-31.58,0.868,0.721,0.617,0.721,0.721,0,0,INSPECT_LEFT,0.000,0.170,0.000,0.498
22:48:00.937,INSPECTING,27.683,-22.937,1.368,0.00,0.00,-25.86,0.918,0.728,0.601,0.727,0.729,0,0,INSPECT_LEFT,0.000,0.177,0.000,0.499
22:48:01.137,INSPECTING,27.716,-22.951,1.368,0.00,0.00,-20.14,0.993,0.744,0.598,0.746,0.743,0,0,INSPECT_LEFT,0.000,0.188,0.000,0.500
22:48:01.337,INSPECTING,27.753,-22.963,1.368,0.00,0.00,-14.41,1.099,0.772,0.596,0.773,0.774,0,0,INSPECT_LEFT,0.000,0.206,0.000,0.500
22:48:01.538,INSPECTING,27.795,-22.971,1.368,0.00,0.00,-8.68,1.223,0.806,0.601,0.810,0.808,0,0,INSPECT_LEFT,0.000,0.229,0.000,0.500
22:48:01.738,INSPECTING,27.842,-22.976,1.368,0.00,0.00,-2.95,1.503,0.880,0.621,0.878,0.880,0,0,INSPECT_LEFT,0.000,0.268,0.000,0.500
22:48:01.940,INSPECTING,27.900,-22.977,1.368,0.00,0.00,2.78,1.910,0.962,0.642,0.968,0.966,0,0,INSPECT_LEFT,0.000,0.330,0.000,0.500
22:48:02.139,INSPECTING,27.970,-22.970,1.368,0.00,0.00,8.51,1.997,1.089,0.681,1.095,1.089,0,0,INSPECT_LEFT,0.000,0.380,0.000,0.500
22:48:02.341,INSPECTING,28.046,-22.955,1.368,0.00,0.00,14.24,1.987,1.247,0.725,1.246,1.253,0,0,INSPECT_LEFT,0.000,0.394,0.000,0.500
22:48:02.541,SEARCHING,28.120,-22.933,1.368,0.00,0.00,20.15,1.962,1.662,0.822,1.673,1.676,0,0,SEARCHING,0.000,0.398,0.000,0.547
22:48:02.741,SEARCHING,28.201,-22.898,1.368,0.00,0.00,26.32,1.970,1.947,0.975,1.946,1.948,0,0,SEARCHING,0.000,0.527,0.000,0.488
22:48:02.942,SEARCHING,28.299,-22.844,1.368,0.00,0.00,31.47,1.937,1.887,1.196,1.890,1.887,0,0,SEARCHING,0.000,0.596,0.000,0.366
22:48:03.143,SEARCHING,28.400,-22.778,1.368,0.00,0.00,35.01,1.856,1.785,1.444,1.787,1.792,0,0,SEARCHING,0.000,0.598,0.000,0.214
22:48:03.342,SEARCHING,28.496,-22.709,1.368,0.00,0.00,36.94,1.767,1.677,1.592,1.664,1.677,0,0,SEARCHING,0.000,0.578,0.000,0.101
22:48:03.544,SEARCHING,28.585,-22.640,1.368,0.00,0.00,37.87,1.680,1.585,1.522,1.574,1.584,0,0,SEARCHING,0.000,0.533,0.000,0.061
22:48:03.745,SEARCHING,28.665,-22.578,1.368,0.00,0.00,38.54,1.566,1.465,1.398,1.454,1.462,0,0,SEARCHING,0.000,0.465,0.000,0.058
22:48:03.944,SEARCHING,28.734,-22.522,1.368,0.00,0.00,39.23,1.472,1.377,1.301,1.373,1.377,0,0,SEARCHING,0.000,0.408,0.000,0.066
22:48:04.145,SEARCHING,28.794,-22.472,1.368,0.00,0.00,40.02,1.399,1.300,1.213,1.299,1.300,0,0,SEARCHING,0.000,0.360,0.000,0.077
22:48:04.345,SEARCHING,28.847,-22.428,1.368,0.00,0.00,40.97,1.328,1.231,1.142,1.229,1.231,0,0,SEARCHING,0.000,0.320,0.000,0.090
22:48:04.546,SEARCHING,28.893,-22.387,1.368,0.00,0.00,42.04,1.283,1.179,1.091,1.181,1.182,0,0,SEARCHING,0.000,0.289,0.000,0.101
22:48:04.747,SEARCHING,28.934,-22.349,1.368,0.00,0.00,43.26,1.226,1.118,1.027,1.118,1.118,0,0,SEARCHING,0.000,0.263,0.000,0.116
22:48:04.948,SEARCHING,28.971,-22.313,1.368,0.00,0.00,44.64,1.192,1.081,0.986,1.082,1.085,0,0,SEARCHING,0.000,0.253,0.000,0.129
22:48:05.148,SEARCHING,29.007,-22.277,1.368,0.00,0.00,46.20,1.154,1.031,0.933,1.031,1.032,0,0,SEARCHING,0.000,0.251,0.000,0.150
22:48:05.350,SEARCHING,29.041,-22.241,1.368,0.00,0.00,48.00,1.118,0.992,0.889,0.991,0.991,0,0,SEARCHING,0.000,0.250,0.000,0.169
22:48:05.550,SEARCHING,29.074,-22.203,1.368,0.00,0.00,50.04,1.092,0.952,0.847,0.954,0.955,0,0,SEARCHING,0.000,0.250,0.000,0.194
22:48:05.751,SEARCHING,29.105,-22.164,1.368,0.00,0.00,52.37,1.071,0.918,0.805,0.917,0.915,0,0,SEARCHING,0.000,0.250,0.000,0.223
22:48:05.951,SEARCHING,29.135,-22.124,1.368,0.00,0.00,55.06,1.050,0.889,0.767,0.887,0.886,0,0,SEARCHING,0.000,0.250,0.000,0.257
22:48:06.154,SEARCHING,29.162,-22.082,1.368,0.00,0.00,58.16,1.043,0.860,0.732,0.858,0.860,0,0,SEARCHING,0.000,0.250,0.000,0.297
22:48:06.356,SEARCHING,29.188,-22.039,1.368,0.00,0.00,61.72,1.043,0.841,0.707,0.841,0.842,0,0,SEARCHING,0.000,0.250,0.000,0.335
22:48:06.558,SEARCHING,29.210,-21.994,1.368,0.00,0.00,65.77,1.060,0.827,0.677,0.828,0.829,0,0,SEARCHING,0.000,0.250,0.000,0.390
22:48:06.757,SEARCHING,29.229,-21.948,1.368,0.00,0.00,70.45,1.089,0.826,0.661,0.826,0.826,0,0,SEARCHING,0.000,0.250,0.000,0.441
22:48:06.958,SEARCHING,29.244,-21.900,1.368,0.00,0.00,75.74,1.151,0.842,0.649,0.839,0.837,0,0,SEARCHING,0.000,0.250,0.000,0.498
22:48:07.158,SEARCHING,29.254,-21.851,1.368,0.00,0.00,81.73,1.321,0.880,0.653,0.881,0.885,0,0,SEARCHING,0.000,0.250,0.000,0.572
22:48:07.360,SEARCHING,29.258,-21.802,1.368,0.00,0.00,88.58,1.652,0.947,0.678,0.948,0.948,0,0,SEARCHING,0.000,0.250,0.000,0.645
22:48:07.560,SEARCHING,29.257,-21.752,1.368,0.00,0.00,96.27,2.434,1.099,0.727,1.081,1.092,0,0,SEARCHING,0.000,0.250,0.000,0.719
22:48:07.760,SEARCHING,29.248,-21.703,1.368,0.00,0.00,104.82,6.114,1.405,0.811,1.376,1.392,0,0,SEARCHING,0.000,0.274,0.000,0.797
22:48:07.961,SEARCHING,29.227,-21.642,1.368,0.00,0.00,114.10,9.347,1.996,0.959,1.977,1.979,0,0,SEARCHING,0.000,0.456,0.000,0.794
22:48:08.161,SEARCHING,29.174,-21.544,1.368,0.00,0.00,122.77,9.658,4.384,1.273,4.159,3.277,0,0,SEARCHING,0.000,0.701,0.023,0.663
22:48:08.362,SEARCHING,29.104,-21.446,1.376,0.00,0.00,128.11,7.984,9.403,1.850,5.183,3.575,0,0,SEARCHING,0.000,0.776,0.081,0.475
22:48:08.564,SEARCHING,29.024,-21.350,1.394,0.00,0.00,131.64,7.349,9.900,2.576,5.277,4.479,0,0,SEARCHING,0.000,0.794,0.065,0.297
22:48:08.763,SEARCHING,28.937,-21.256,1.406,0.00,0.00,133.78,6.902,9.988,3.593,5.270,5.673,0,0,SEARCHING,0.000,0.799,0.045,0.171
22:48:08.963,SEARCHING,28.848,-21.164,1.412,0.00,0.00,135.02,6.646,9.999,4.149,5.109,4.364,0,0,SEARCHING,0.000,0.800,0.011,0.105
22:48:09.164,SEARCHING,28.745,-21.063,1.413,0.00,0.00,135.90,6.418,10.000,4.825,4.560,4.294,0,0,SEARCHING,0.000,0.800,0.003,0.064
22:48:09.367,SEARCHING,28.642,-20.964,1.412,0.00,0.00,136.44,6.256,10.000,5.330,4.367,4.307,0,0,SEARCHING,0.000,0.800,-0.021,0.036
22:48:09.568,SEARCHING,28.549,-20.876,1.411,0.00,0.00,136.70,6.193,9.990,5.875,4.104,3.579,0,0,SEARCHING,0.000,0.800,0.028,0.019
22:48:09.767,SEARCHING,28.455,-20.788,1.415,0.00,0.00,136.80,6.113,9.960,6.819,4.074,3.725,0,0,SEARCHING,0.000,0.800,0.007,0.001
22:48:09.968,SEARCHING,28.339,-20.678,1.415,0.00,0.00,136.72,6.052,9.954,7.690,4.841,3.844,0,0,SEARCHING,0.000,0.800,0.021,-0.018
22:48:10.169,SEARCHING,28.246,-20.590,1.420,0.00,0.00,136.50,6.002,9.949,8.022,5.133,5.037,0,0,SEARCHING,0.000,0.800,0.012,-0.029
22:48:10.371,SEARCHING,28.153,-20.502,1.423,0.00,0.00,136.20,5.929,9.763,8.054,5.075,3.948,0,0,SEARCHING,0.000,0.800,0.041,-0.034
22:48:10.570,SEARCHING,28.061,-20.413,1.433,0.00,0.00,135.88,5.915,9.797,7.771,5.095,3.735,0,0,SEARCHING,0.000,0.800,0.070,-0.034
22:48:10.771,SEARCHING,27.969,-20.324,1.445,0.00,0.00,135.58,5.947,9.817,8.038,5.104,4.819,0,0,SEARCHING,0.000,0.800,0.026,-0.034
22:48:10.971,SEARCHING,27.878,-20.234,1.448,0.00,0.00,135.26,5.874,9.839,7.877,5.084,4.755,0,0,SEARCHING,0.000,0.800,-0.014,-0.035
22:48:11.171,SEARCHING,27.776,-20.133,1.446,0.00,0.00,134.89,5.868,9.898,7.998,5.054,5.092,0,0,SEARCHING,0.000,0.800,-0.003,-0.036
22:48:11.371,SEARCHING,27.664,-20.019,1.446,0.00,0.00,134.49,5.878,9.961,7.870,4.996,4.145,0,0,SEARCHING,0.000,0.800,-0.001,-0.035
22:48:11.573,SEARCHING,27.552,-19.904,1.446,0.00,0.00,134.09,5.832,9.957,7.752,5.088,4.567,0,0,SEARCHING,0.000,0.800,-0.000,-0.034
22:48:11.774,SEARCHING,27.441,-19.789,1.446,0.00,0.00,133.70,5.894,9.985,7.574,5.029,4.031,0,0,SEARCHING,0.000,0.800,0.018,-0.032
22:48:11.975,SEARCHING,27.353,-19.696,1.452,0.00,0.00,133.42,5.825,9.982,7.823,5.017,5.099,0,0,SEARCHING,0.000,0.800,0.035,-0.032
22:48:12.175,SEARCHING,27.265,-19.603,1.458,0.00,0.00,133.11,5.860,9.989,7.785,5.057,4.571,0,0,SEARCHING,0.000,0.800,0.008,-0.034
22:48:12.376,SEARCHING,27.167,-19.498,1.460,0.00,0.00,132.76,5.737,9.999,7.719,5.043,3.941,0,0,SEARCHING,0.000,0.800,0.043,-0.035
22:48:12.577,SEARCHING,27.080,-19.404,1.470,0.00,0.00,132.43,5.766,10.000,7.861,5.003,3.904,0,0,SEARCHING,0.000,0.800,0.062,-0.037
22:48:12.777,SEARCHING,26.994,-19.309,1.482,0.00,0.00,132.09,5.737,10.000,7.591,5.062,4.010,0,0,SEARCHING,0.000,0.800,0.065,-0.035
22:48:12.979,SEARCHING,26.908,-19.214,1.495,0.00,0.00,131.78,5.792,10.000,7.492,4.983,3.999,0,0,SEARCHING,0.000,0.800,0.064,-0.033
22:48:13.178,SEARCHING,26.823,-19.118,1.508,0.00,0.00,131.48,5.749,10.000,7.531,4.933,4.852,0,0,SEARCHING,0.000,0.800,0.041,-0.033
22:48:13.379,SEARCHING,26.739,-19.022,1.514,0.00,0.00,131.18,5.816,9.992,7.602,4.955,5.187,0,0,SEARCHING,0.000,0.800,0.010,-0.032
22:48:13.579,SEARCHING,26.634,-18.901,1.514,0.00,0.00,130.81,5.806,9.994,7.612,4.870,6.124,0,0,SEARCHING,0.000,0.800,-0.013,-0.033
22:48:13.780,SEARCHING,26.550,-18.804,1.511,0.00,0.00,130.51,5.792,9.999,7.625,4.923,4.361,0,0,SEARCHING,0.000,0.800,-0.008,-0.033
22:48:13.981,SEARCHING,26.447,-18.682,1.511,0.00,0.00,130.13,5.848,10.000,7.666,4.888,6.887,0,0,SEARCHING,0.000,0.800,-0.023,-0.033
22:48:14.181,SEARCHING,26.364,-18.584,1.504,0.00,0.00,129.83,5.832,10.000,7.608,4.941,6.453,0,0,SEARCHING,0.000,0.800,-0.053,-0.033
22:48:14.382,SEARCHING,26.283,-18.486,1.495,0.00,0.00,129.54,5.841,9.939,7.420,4.906,6.669,0,0,SEARCHING,0.000,0.800,-0.038,-0.031
22:48:14.583,SEARCHING,26.201,-18.387,1.488,0.00,0.00,129.26,5.864,9.969,7.411,4.966,7.050,0,0,SEARCHING,0.000,0.800,-0.037,-0.029
22:48:14.785,SEARCHING,26.121,-18.288,1.481,0.00,0.00,129.00,5.867,9.996,7.344,5.007,4.484,0,0,SEARCHING,0.000,0.800,-0.016,-0.028
22:48:14.984,SEARCHING,26.030,-18.175,1.479,0.00,0.00,128.71,5.871,10.000,7.377,5.054,7.634,0,0,SEARCHING,0.000,0.800,-0.028,-0.028
22:48:15.185,SEARCHING,25.950,-18.075,1.473,0.00,0.00,128.46,5.804,9.616,7.307,5.038,6.113,0,0,SEARCHING,0.000,0.800,-0.015,-0.028
22:48:15.385,SEARCHING,25.861,-17.962,1.472,0.00,0.00,128.17,5.802,9.935,7.369,4.970,4.546,0,0,SEARCHING,0.000,0.800,-0.004,-0.029
22:48:15.586,SEARCHING,25.762,-17.836,1.472,0.00,0.00,127.85,5.834,9.992,7.222,4.968,6.031,0,0,SEARCHING,0.000,0.800,-0.001,-0.027
22:48:15.786,SEARCHING,25.674,-17.722,1.469,0.00,0.00,127.58,5.930,9.926,7.360,4.955,6.741,0,0,SEARCHING,0.000,0.800,-0.050,-0.026
22:48:15.987,SEARCHING,25.597,-17.621,1.458,0.00,0.00,127.33,5.878,9.987,7.308,4.955,6.397,0,0,SEARCHING,0.000,0.800,-0.060,-0.027
22:48:16.187,SEARCHING,25.519,-17.519,1.448,0.00,0.00,127.10,5.947,9.999,7.321,5.053,5.090,0,0,SEARCHING,0.000,0.800,-0.020,-0.025
22:48:16.388,SEARCHING,25.432,-17.404,1.446,0.00,0.00,126.84,5.944,9.931,7.350,5.045,5.482,0,0,SEARCHING,0.000,0.800,-0.005,-0.025
22:48:16.589,SEARCHING,25.337,-17.276,1.446,0.00,0.00,126.55,5.950,9.987,7.414,5.072,4.044,0,0,SEARCHING,0.000,0.800,0.017,-0.026
22:48:16.790,SEARCHING,25.261,-17.173,1.452,0.00,0.00,126.32,5.888,9.998,7.385,5.072,3.968,0,0,SEARCHING,0.000,0.800,0.048,-0.027
22:48:16.991,SEARCHING,25.185,-17.069,1.462,0.00,0.00,126.07,5.940,9.981,7.425,5.088,4.849,0,0,SEARCHING,0.000,0.800,0.042,-0.027
22:48:17.191,SEARCHING,25.110,-16.966,1.468,0.00,0.00,125.82,5.996,9.982,7.269,5.008,6.244,0,0,SEARCHING,0.000,0.800,0.010,-0.026
22:48:17.391,SEARCHING,25.035,-16.862,1.468,0.00,0.00,125.59,6.043,9.975,7.266,5.101,4.876,0,0,SEARCHING,0.000,0.800,-0.016,-0.024
22:48:17.591,SEARCHING,24.952,-16.745,1.467,0.00,0.00,125.36,6.159,9.920,7.270,4.997,5.256,0,0,SEARCHING,0.000,0.800,-0.004,-0.021
22:48:17.791,SEARCHING,24.859,-16.614,1.467,0.00,0.00,125.12,6.120,9.749,7.363,4.971,5.214,0,0,SEARCHING,0.000,0.800,-0.001,-0.021
22:48:17.993,SEARCHING,24.768,-16.483,1.467,0.00,0.00,124.88,6.203,9.874,7.379,4.979,5.536,0,0,SEARCHING,0.000,0.800,-0.000,-0.021
22:48:18.194,SEARCHING,24.676,-16.352,1.467,0.00,0.00,124.65,6.210,9.374,7.289,5.059,5.659,0,0,SEARCHING,0.000,0.800,-0.000,-0.019
22:48:18.394,SEARCHING,24.586,-16.220,1.467,0.00,0.00,124.43,6.264,9.706,7.359,4.998,4.725,0,0,SEARCHING,0.000,0.800,-0.000,-0.019
22:48:18.594,SEARCHING,24.495,-16.088,1.467,0.00,0.00,124.21,6.241,8.978,7.219,4.952,5.093,0,0,SEARCHING,0.000,0.800,-0.000,-0.018
22:48:18.795,SEARCHING,24.406,-15.955,1.467,0.00,0.00,124.01,6.287,9.333,7.156,4.965,5.022,0,0,SEARCHING,0.000,0.800,-0.000,-0.016
22:48:18.995,SEARCHING,24.316,-15.822,1.467,0.00,0.00,123.83,6.308,8.611,7.151,4.993,4.711,0,0,SEARCHING,0.000,0.800,-0.000,-0.015
22:48:19.196,SEARCHING,24.227,-15.689,1.467,0.00,0.00,123.66,6.741,8.536,7.086,4.958,5.042,0,0,SEARCHING,0.000,0.800,-0.000,-0.012
22:48:19.396,SEARCHING,24.139,-15.556,1.467,0.00,0.00,123.56,7.428,8.813,6.952,4.988,5.874,0,0,SEARCHING,0.000,0.800,-0.000,-0.002
22:48:19.597,SEARCHING,24.050,-15.423,1.467,0.00,0.00,123.57,7.382,8.341,7.002,5.016,4.461,0,0,SEARCHING,0.000,0.800,-0.000,0.004
22:48:19.798,SEARCHING,23.971,-15.303,1.469,0.00,0.00,123.62,7.381,8.442,7.104,5.079,4.396,0,0,SEARCHING,0.000,0.800,0.025,0.005
22:48:19.999,SEARCHING,23.900,-15.196,1.473,0.00,0.00,123.66,7.324,8.032,7.111,5.076,4.625,0,0,SEARCHING,0.000,0.800,0.006,0.004
22:48:20.200,SEARCHING,23.811,-15.063,1.473,0.00,0.00,123.69,7.165,7.914,7.155,5.020,4.205,0,0,SEARCHING,0.000,0.800,0.001,0.001
22:48:20.400,SEARCHING,23.722,-14.930,1.473,0.00,0.00,123.70,7.040,7.754,7.175,4.973,5.754,0,0,SEARCHING,0.000,0.800,0.000,-0.001
22:48:20.600,SEARCHING,23.634,-14.797,1.473,0.00,0.00,123.68,6.957,7.743,7.264,5.011,4.734,0,0,SEARCHING,0.000,0.800,0.000,-0.004
22:48:20.801,SEARCHING,23.554,-14.677,1.474,0.00,0.00,123.63,6.803,7.436,7.367,5.059,4.599,0,0,SEARCHING,0.000,0.800,0.019,-0.007
22:48:21.001,SEARCHING,23.474,-14.557,1.476,0.00,0.00,123.54,6.522,7.386,7.392,5.007,5.022,0,0,SEARCHING,0.000,0.800,0.005,-0.011
22:48:21.201,SEARCHING,23.386,-14.424,1.476,0.00,0.00,123.40,6.536,7.206,7.383,4.954,4.600,0,0,SEARCHING,0.000,0.800,0.001,-0.013
22:48:21.402,SEARCHING,23.298,-14.290,1.476,0.00,0.00,123.25,6.399,7.015,7.240,4.967,4.850,0,0,SEARCHING,0.000,0.800,0.000,-0.014
22:48:21.603,SEARCHING,23.210,-14.156,1.476,0.00,0.00,123.09,6.240,6.943,7.161,5.009,5.368,0,0,SEARCHING,0.000,0.800,0.000,-0.015
22:48:21.804,SEARCHING,23.123,-14.022,1.476,0.00,0.00,122.90,6.077,6.801,7.107,5.030,4.341,0,0,SEARCHING,0.000,0.800,0.000,-0.018
22:48:22.004,SEARCHING,23.045,-13.901,1.478,0.00,0.00,122.71,5.980,6.566,6.982,5.072,4.393,0,0,SEARCHING,0.000,0.800,0.021,-0.019
22:48:22.204,SEARCHING,22.976,-13.793,1.481,0.00,0.00,122.53,5.897,6.542,6.942,5.059,5.060,0,0,SEARCHING,0.000,0.800,0.005,-0.020
22:48:22.406,SEARCHING,22.890,-13.658,1.481,0.00,0.00,122.30,5.773,6.484,6.935,5.025,4.957,0,0,SEARCHING,0.000,0.800,0.001,-0.021
22:48:22.606,SEARCHING,22.805,-13.523,1.481,0.00,0.00,122.05,5.597,6.153,6.852,4.997,4.844,0,0,SEARCHING,0.000,0.800,0.000,-0.024
22:48:22.807,SEARCHING,22.720,-13.387,1.481,0.00,0.00,121.77,5.636,6.155,6.765,5.019,4.294,0,0,SEARCHING,0.000,0.800,0.000,-0.025
22:48:23.008,SEARCHING,22.636,-13.251,1.481,0.00,0.00,121.49,5.634,6.030,6.676,5.054,4.446,0,0,SEARCHING,0.000,0.800,0.000,-0.023
22:48:23.208,SEARCHING,22.553,-13.114,1.481,0.00,0.00,121.23,5.900,5.733,6.554,5.039,4.587,0,0,SEARCHING,0.000,0.800,0.000,-0.020
22:48:23.409,SEARCHING,22.470,-12.977,1.481,0.00,0.00,121.04,7.112,5.715,6.337,5.079,4.338,0,0,SEARCHING,0.000,0.800,0.000,-0.005
22:48:23.610,SEARCHING,22.388,-12.840,1.481,0.00,0.00,121.11,8.762,5.539,6.285,5.084,4.417,0,0,SEARCHING,0.000,0.800,0.000,0.021
22:48:23.810,SEARCHING,22.313,-12.717,1.483,0.00,0.00,121.40,9.548,5.444,6.136,5.061,4.216,0,0,SEARCHING,0.000,0.800,0.019,0.038
22:48:24.010,SEARCHING,22.238,-12.594,1.485,0.00,0.00,121.84,9.565,5.370,5.914,5.016,4.406,0,0,SEARCHING,0.000,0.800,0.005,0.047
22:48:25.436,SEARCHING,22.153,-12.459,1.485,0.00,0.00,122.40,9.545,5.295,5.787,5.045,4.228,0,0,SEARCHING,0.000,0.800,0.001,0.052
22:48:25.458,SEARCHING,22.067,-12.324,1.485,0.00,0.00,123.01,9.545,5.295,5.787,5.045,4.228,0,0,SEARCHING,0.000,0.800,0.000,0.054
22:48:25.613,SEARCHING,21.979,-12.190,1.485,0.00,0.00,123.65,9.226,4.936,5.154,5.080,4.250,0,0,SEARCHING,0.000,0.800,0.000,0.062
22:48:25.807,SEARCHING,21.898,-12.071,1.486,0.00,0.00,124.31,8.851,4.814,4.909,5.084,4.153,0,0,SEARCHING,0.000,0.800,0.035,0.069
22:48:26.004,SEARCHING,21.826,-11.965,1.494,0.00,0.00,124.96,8.428,4.880,4.722,5.085,4.081,0,0,SEARCHING,0.000,0.800,0.050,0.073
22:48:26.206,SEARCHING,21.752,-11.861,1.505,0.00,0.00,125.64,8.091,4.963,4.637,5.017,4.110,0,0,SEARCHING,0.000,0.800,0.056,0.074
22:48:26.406,SEARCHING,21.677,-11.757,1.516,0.00,0.00,126.31,7.800,5.203,4.599,4.932,4.084,0,0,SEARCHING,0.000,0.800,0.052,0.072
22:48:26.607,SEARCHING,21.600,-11.654,1.524,0.00,0.00,126.96,7.331,5.394,4.633,4.953,4.062,0,0,SEARCHING,0.000,0.800,0.034,0.068
22:48:26.808,SEARCHING,21.523,-11.552,1.532,0.00,0.00,127.57,7.235,5.526,4.520,4.973,4.052,0,0,SEARCHING,0.000,0.800,0.050,0.066
22:48:27.009,SEARCHING,21.444,-11.451,1.542,0.00,0.00,128.17,7.191,5.504,4.628,4.963,4.100,0,0,SEARCHING,0.000,0.800,0.052,0.063
22:48:27.211,SEARCHING,21.365,-11.351,1.551,0.00,0.00,128.74,6.871,5.530,4.509,4.888,4.106,0,0,SEARCHING,0.000,0.800,0.018,0.062
22:48:27.410,SEARCHING,21.284,-11.252,1.559,0.00,0.00,129.30,6.463,5.445,4.578,4.850,3.853,0,0,SEARCHING,0.000,0.800,0.078,0.057
22:48:27.611,SEARCHING,21.203,-11.153,1.571,0.00,0.00,129.78,6.074,5.374,4.518,4.836,4.332,0,0,SEARCHING,0.000,0.800,0.025,0.049
22:48:27.812,SEARCHING,21.121,-11.055,1.575,0.00,0.00,130.22,6.171,5.347,4.459,4.816,4.231,0,0,SEARCHING,0.000,0.800,0.006,0.049
22:48:28.012,SEARCHING,21.017,-10.933,1.575,0.00,0.00,130.78,6.093,5.215,4.359,4.749,4.233,0,0,SEARCHING,0.000,0.800,0.001,0.050
22:48:28.213,SEARCHING,20.912,-10.812,1.575,0.00,0.00,131.37,5.929,5.073,4.185,4.760,4.225,0,0,SEARCHING,0.000,0.800,0.000,0.054
22:48:28.415,SEARCHING,20.805,-10.693,1.575,0.00,0.00,132.01,5.800,4.994,3.979,4.690,4.175,0,0,SEARCHING,0.000,0.800,0.000,0.059
22:48:28.615,SEARCHING,20.698,-10.574,1.575,0.00,0.00,132.70,5.614,4.876,3.793,4.658,4.205,0,0,SEARCHING,0.000,0.800,0.000,0.064
22:48:28.816,SEARCHING,20.588,-10.458,1.575,0.00,0.00,133.46,5.468,4.917,3.638,4.668,4.195,0,0,SEARCHING,0.000,0.800,0.000,0.069
22:48:29.017,SEARCHING,20.478,-10.342,1.575,0.00,0.00,134.28,5.241,5.402,3.459,4.811,4.182,0,0,SEARCHING,0.000,0.800,0.000,0.075
22:48:29.216,SEARCHING,20.365,-10.228,1.575,0.00,0.00,135.15,5.148,5.913,3.359,4.792,4.185,0,0,SEARCHING,0.000,0.800,0.000,0.080
22:48:29.417,SEARCHING,20.251,-10.116,1.575,0.00,0.00,136.08,5.020,6.934,3.375,4.791,4.150,0,0,SEARCHING,0.000,0.800,0.000,0.080
22:48:29.617,SEARCHING,20.135,-10.006,1.575,0.00,0.00,136.98,4.886,8.064,3.340,4.753,4.615,0,0,SEARCHING,0.000,0.800,0.000,0.077
22:48:29.819,SEARCHING,20.017,-9.898,1.575,0.00,0.00,137.86,4.717,8.790,3.350,4.736,4.263,0,0,SEARCHING,0.000,0.800,0.000,0.074
22:48:30.019,SEARCHING,19.898,-9.791,1.575,0.00,0.00,138.68,4.593,9.056,3.344,4.678,4.267,0,0,SEARCHING,0.000,0.800,0.000,0.068
22:48:30.220,SEARCHING,19.789,-9.697,1.573,0.00,0.00,139.36,4.499,8.959,3.346,4.671,5.140,0,0,SEARCHING,0.000,0.800,-0.023,0.064
22:48:30.420,SEARCHING,19.692,-9.614,1.568,0.00,0.00,139.93,4.380,8.795,3.265,4.641,4.659,0,0,SEARCHING,0.000,0.800,-0.024,0.062
22:48:30.621,SEARCHING,19.593,-9.532,1.564,0.00,0.00,140.52,4.311,8.586,3.132,4.634,4.521,0,0,SEARCHING,0.000,0.800,-0.006,0.066
22:48:30.822,SEARCHING,19.469,-9.431,1.564,0.00,0.00,141.30,4.195,8.516,2.984,4.646,4.718,0,0,SEARCHING,0.000,0.800,-0.001,0.073
22:48:31.021,SEARCHING,19.344,-9.332,1.564,0.00,0.00,142.16,4.042,8.549,3.005,4.619,4.273,0,0,SEARCHING,0.000,0.800,-0.000,0.074
22:48:31.222,SEARCHING,19.217,-9.234,1.564,0.00,0.00,142.96,3.878,8.517,3.123,4.646,4.804,0,0,SEARCHING,0.000,0.800,-0.000,0.061
22:48:31.422,SEARCHING,19.089,-9.139,1.564,0.00,0.00,143.60,3.780,8.306,3.243,4.690,5.444,0,0,SEARCHING,0.000,0.800,-0.000,0.047
22:48:31.624,SEARCHING,18.959,-9.044,1.564,0.00,0.00,144.07,3.688,8.044,3.333,4.645,5.071,0,0,SEARCHING,0.000,0.800,-0.000,0.032
22:48:31.824,SEARCHING,18.830,-8.951,1.564,0.00,0.00,144.39,3.651,7.767,3.398,4.644,4.425,0,0,SEARCHING,0.000,0.800,-0.000,0.022
22:48:32.025,SEARCHING,18.699,-8.858,1.564,0.00,0.00,144.61,3.603,7.992,3.447,4.640,5.692,0,0,SEARCHING,0.000,0.800,-0.000,0.015
22:48:32.225,SEARCHING,18.569,-8.765,1.564,0.00,0.00,144.75,3.585,8.387,3.508,4.658,4.881,0,0,SEARCHING,0.000,0.800,-0.000,0.009
22:48:32.426,SEARCHING,18.438,-8.673,1.564,0.00,0.00,144.82,3.563,7.551,3.592,4.614,4.238,0,0,SEARCHING,0.000,0.800,-0.000,0.002
22:48:32.629,SEARCHING,18.307,-8.581,1.564,0.00,0.00,144.82,3.523,7.614,3.613,4.579,4.360,0,0,SEARCHING,0.000,0.800,-0.000,-0.003
22:48:32.830,SEARCHING,18.177,-8.489,1.564,0.00,0.00,144.70,3.493,6.881,5.641,4.562,4.700,0,0,SEARCHING,0.000,0.800,-0.000,-0.042
22:48:33.031,SEARCHING,18.046,-8.395,1.564,0.00,0.00,144.00,3.505,6.838,6.200,4.574,4.788,0,0,SEARCHING,0.000,0.800,-0.000,-0.083
22:48:33.232,SEARCHING,17.918,-8.300,1.564,0.00,0.00,143.00,5.945,7.049,6.098,4.616,4.207,0,0,SEARCHING,0.000,0.800,-0.000,-0.063
22:48:33.431,SEARCHING,17.790,-8.204,1.564,0.00,0.00,142.56,6.529,7.133,6.061,4.646,4.121,0,0,SEARCHING,0.000,0.800,-0.000,-0.010
22:48:33.634,SEARCHING,17.663,-8.106,1.564,0.00,0.00,142.52,6.537,7.340,6.161,4.596,4.372,0,0,SEARCHING,0.000,0.800,-0.000,0.004
22:48:33.833,SEARCHING,17.536,-8.009,1.564,0.00,0.00,142.57,6.409,7.208,6.258,4.599,4.912,0,0,SEARCHING,0.000,0.800,-0.000,0.005
22:48:34.034,SEARCHING,17.409,-7.912,1.564,0.00,0.00,142.62,6.275,7.169,6.120,4.584,5.246,0,0,SEARCHING,0.000,0.800,-0.000,0.004
22:48:34.233,SEARCHING,17.282,-7.815,1.564,0.00,0.00,142.65,6.158,7.034,6.116,4.596,4.742,0,0,SEARCHING,0.000,0.800,-0.000,0.002
22:48:34.434,SEARCHING,17.155,-7.718,1.564,0.00,0.00,142.67,6.058,6.863,6.006,4.529,4.738,0,0,SEARCHING,0.000,0.800,-0.000,0.001
22:48:34.636,SEARCHING,17.028,-7.621,1.564,0.00,0.00,142.68,5.846,6.688,5.816,4.479,4.641,0,0,SEARCHING,0.000,0.800,-0.000,0.001
22:48:34.833,SEARCHING,16.900,-7.524,1.564,0.00,0.00,142.68,5.643,6.589,5.697,4.444,4.233,0,0,SEARCHING,0.000,0.800,-0.000,-0.000
22:48:35.035,SEARCHING,16.773,-7.427,1.564,0.00,0.00,142.68,5.478,6.453,5.487,4.410,4.205,0,0,SEARCHING,0.000,0.800,-0.000,-0.001
22:48:35.236,SEARCHING,16.646,-7.330,1.564,0.00,0.00,142.67,5.309,6.570,5.280,4.433,4.041,0,0,SEARCHING,0.000,0.800,-0.000,-0.000
22:48:35.435,SEARCHING,16.519,-7.232,1.564,0.00,0.00,142.68,5.194,6.632,5.138,4.450,4.245,0,0,SEARCHING,0.000,0.800,-0.000,0.001
22:48:35.636,SEARCHING,16.391,-7.135,1.564,0.00,0.00,142.69,5.070,6.483,5.013,4.482,4.529,0,0,SEARCHING,0.000,0.800,-0.000,0.002
22:48:35.836,SEARCHING,16.264,-7.039,1.564,0.00,0.00,142.71,4.917,6.371,4.835,4.532,4.394,0,0,SEARCHING,0.000,0.800,-0.000,0.003
22:48:36.037,SEARCHING,16.137,-6.942,1.564,0.00,0.00,142.75,4.884,6.335,4.729,4.503,5.022,0,0,SEARCHING,0.000,0.800,-0.000,0.004
22:48:36.238,SEARCHING,16.009,-6.845,1.564,0.00,0.00,142.80,4.798,5.964,4.577,4.444,4.940,0,0,SEARCHING,0.000,0.800,-0.000,0.006
22:48:36.438,SEARCHING,15.882,-6.748,1.564,0.00,0.00,142.89,4.697,6.319,4.453,4.349,4.677,0,0,SEARCHING,0.000,0.800,-0.000,0.008
22:48:36.639,SEARCHING,15.754,-6.652,1.564,0.00,0.00,142.99,4.602,6.499,4.267,4.264,4.467,0,0,SEARCHING,0.000,0.800,-0.000,0.011
22:48:36.840,SEARCHING,15.639,-6.565,1.567,0.00,0.00,143.12,4.463,6.468,4.123,4.182,4.695,0,0,SEARCHING,0.000,0.800,0.025,0.014
22:48:37.040,SEARCHING,15.537,-6.488,1.570,0.00,0.00,143.25,4.347,6.526,4.033,4.108,4.616,0,0,SEARCHING,0.000,0.800,0.006,0.015
22:48:37.241,SEARCHING,15.421,-6.402,1.569,0.00,0.00,143.41,4.179,6.537,3.801,4.039,4.321,0,0,SEARCHING,0.000,0.800,-0.017,0.016
22:48:37.442,SEARCHING,15.305,-6.317,1.567,0.00,0.00,143.59,4.065,6.483,3.696,3.983,5.007,0,0,SEARCHING,0.000,0.800,-0.023,0.019
22:48:37.644,SEARCHING,15.202,-6.241,1.563,0.00,0.00,143.76,3.924,6.371,3.596,3.977,4.198,0,0,SEARCHING,0.000,0.800,-0.012,0.019
22:48:37.843,SEARCHING,15.086,-6.156,1.561,0.00,0.00,143.96,3.796,6.281,3.513,3.986,4.422,0,0,SEARCHING,0.000,0.800,-0.003,0.018
22:48:38.044,SEARCHING,14.957,-6.062,1.561,0.00,0.00,144.15,3.598,6.196,3.433,3.960,4.030,0,0,SEARCHING,0.000,0.800,-0.001,0.014
22:48:38.245,SEARCHING,14.827,-5.968,1.561,0.00,0.00,144.30,3.497,6.050,3.394,3.987,4.537,0,0,SEARCHING,0.000,0.800,-0.000,0.010
22:48:38.444,SEARCHING,14.697,-5.875,1.561,0.00,0.00,144.38,3.254,5.838,3.413,4.036,4.888,0,0,SEARCHING,0.000,0.800,-0.016,-0.001
22:48:38.645,SEARCHING,14.593,-5.801,1.556,0.00,0.00,144.32,3.066,5.705,3.376,4.031,4.630,0,0,SEARCHING,0.000,0.800,-0.028,-0.014
22:48:38.846,SEARCHING,14.489,-5.726,1.552,0.00,0.00,144.13,2.870,5.596,3.357,4.006,4.235,0,0,SEARCHING,0.000,0.800,-0.007,-0.029
22:48:39.046,SEARCHING,14.360,-5.632,1.552,0.00,0.00,143.72,2.665,5.469,3.364,3.955,4.198,0,0,SEARCHING,0.000,0.800,-0.002,-0.049
22:48:39.248,SEARCHING,14.231,-5.536,1.552,0.00,0.00,143.09,2.509,5.297,3.323,3.817,4.574,0,0,SEARCHING,0.000,0.800,-0.016,-0.066
22:48:39.448,SEARCHING,14.129,-5.459,1.547,0.00,0.00,142.40,2.330,5.171,3.231,3.674,4.672,0,0,SEARCHING,0.000,0.800,-0.053,-0.085
22:48:39.649,SEARCHING,14.028,-5.380,1.535,0.00,0.00,141.57,2.259,5.099,3.126,3.580,5.237,0,0,SEARCHING,0.000,0.800,-0.082,-0.094
22:48:39.850,SEARCHING,13.928,-5.300,1.517,0.00,0.00,140.65,2.189,5.002,3.030,3.485,4.382,0,0,SEARCHING,0.000,0.800,-0.092,-0.104
22:48:40.049,SEARCHING,13.830,-5.218,1.499,0.00,0.00,139.74,2.124,4.978,2.916,3.398,4.787,0,0,SEARCHING,0.000,0.800,-0.094,-0.098
22:48:40.250,SEARCHING,13.733,-5.135,1.480,0.00,0.00,138.79,3.304,4.998,2.861,3.328,4.705,0,0,SEARCHING,0.000,0.800,-0.094,-0.064
22:48:40.451,SEARCHING,13.637,-5.050,1.464,0.00,0.00,138.77,4.430,4.998,2.781,3.369,4.378,0,0,SEARCHING,0.000,0.800,-0.058,0.052
22:48:40.652,SEARCHING,13.540,-4.966,1.452,0.00,0.00,139.52,4.653,5.162,2.807,3.405,4.021,0,0,SEARCHING,0.000,0.800,-0.058,0.099
22:48:40.852,SEARCHING,13.442,-4.884,1.441,0.00,0.00,140.49,4.596,5.264,2.768,3.424,4.034,0,0,SEARCHING,0.000,0.800,-0.058,0.111
22:48:41.052,SEARCHING,13.343,-4.803,1.428,0.00,0.00,141.52,4.431,5.565,2.714,3.462,4.241,0,0,SEARCHING,0.000,0.800,-0.073,0.114
22:48:41.254,SEARCHING,13.242,-4.725,1.416,0.00,0.00,142.56,4.270,6.160,2.802,3.489,5.152,0,0,SEARCHING,0.000,0.800,-0.057,0.108
22:48:41.455,SEARCHING,13.140,-4.647,1.403,0.00,0.00,143.48,4.130,6.601,2.906,3.536,4.044,0,0,SEARCHING,0.000,0.800,-0.048,0.092
22:48:41.655,SEARCHING,13.036,-4.572,1.396,0.00,0.00,144.25,3.976,6.884,3.063,3.575,3.783,0,0,SEARCHING,0.000,0.800,-0.011,0.074
22:48:41.856,SEARCHING,12.919,-4.488,1.395,0.00,0.00,144.92,3.832,7.005,3.229,3.567,4.023,0,0,SEARCHING,0.000,0.800,-0.003,0.054
22:48:42.056,SEARCHING,12.801,-4.406,1.392,0.00,0.00,145.41,3.786,7.018,3.371,3.488,4.545,0,0,SEARCHING,0.000,0.800,-0.055,0.036
22:48:42.257,SEARCHING,12.695,-4.334,1.380,0.00,0.00,145.68,3.747,6.984,3.541,3.378,4.171,0,0,SEARCHING,0.000,0.800,-0.063,0.022
22:48:42.458,SEARCHING,12.589,-4.262,1.367,0.00,0.00,145.83,3.736,6.942,3.643,3.289,4.688,0,0,SEARCHING,0.000,0.800,-0.090,0.012
22:48:42.659,SEARCHING,12.484,-4.190,1.347,0.00,0.00,145.91,3.670,6.935,3.685,3.179,4.162,0,0,SEARCHING,0.000,0.800,-0.102,0.004
22:48:42.860,SEARCHING,12.378,-4.118,1.326,0.00,0.00,145.92,3.620,6.846,3.687,3.066,5.204,0,0,SEARCHING,0.000,0.800,-0.132,-0.001
22:48:43.063,SEARCHING,12.272,-4.046,1.298,0.00,0.00,145.89,3.593,6.774,3.702,2.919,5.601,0,0,SEARCHING,0.000,0.800,-0.167,-0.004
22:48:43.261,SEARCHING,12.166,-3.975,1.265,0.00,0.00,145.84,3.502,6.735,3.677,2.804,3.740,0,0,SEARCHING,0.000,0.800,-0.134,-0.008
22:48:43.462,SEARCHING,12.060,-3.903,1.240,0.00,0.00,145.74,3.407,6.595,3.674,2.705,3.735,0,0,SEARCHING,0.000,0.800,-0.111,-0.014
22:48:43.662,SEARCHING,11.954,-3.830,1.217,0.00,0.00,145.51,3.145,6.480,3.676,2.585,3.490,0,0,SEARCHING,0.000,0.800,-0.130,-0.036
22:48:43.863,SEARCHING,11.849,-3.758,1.189,0.00,0.00,145.18,3.123,6.393,3.617,2.465,3.882,0,0,SEARCHING,0.000,0.800,-0.160,-0.035
22:48:44.063,SEARCHING,11.744,-3.684,1.158,0.00,0.00,144.86,3.080,6.172,3.573,2.419,3.158,0,0,SEARCHING,0.000,0.800,-0.140,-0.035
22:48:44.265,SEARCHING,11.639,-3.610,1.131,0.00,0.00,144.53,3.022,6.013,3.480,2.499,3.109,0,0,SEARCHING,0.000,0.800,-0.112,-0.037
22:48:44.466,SEARCHING,11.535,-3.536,1.110,0.00,0.00,144.21,4.723,5.908,3.453,2.520,3.516,0,0,SEARCHING,0.000,0.800,-0.107,-0.005
22:48:44.666,SEARCHING,11.431,-3.461,1.087,0.00,0.00,144.55,7.045,5.821,3.443,2.613,3.852,0,0,SEARCHING,0.000,0.800,-0.133,0.077
22:48:44.867,SEARCHING,11.327,-3.388,1.061,0.00,0.00,145.43,6.345,5.732,3.429,2.687,3.561,0,0,SEARCHING,0.000,0.800,-0.111,0.105
22:48:45.067,SEARCHING,11.221,-3.316,1.039,0.00,0.00,146.40,5.974,5.907,3.473,2.703,3.448,0,0,SEARCHING,0.000,0.800,-0.110,0.102
22:48:45.268,SEARCHING,11.114,-3.246,1.018,0.00,0.00,147.30,5.926,5.949,3.560,2.754,4.454,0,0,SEARCHING,0.000,0.800,-0.120,0.094
22:48:45.468,SEARCHING,11.005,-3.177,0.994,0.00,0.00,148.10,4.722,6.016,3.613,2.890,2.983,0,0,SEARCHING,0.000,0.800,-0.075,0.073
22:48:45.669,SEARCHING,10.896,-3.110,0.983,0.00,0.00,148.63,3.931,6.021,3.621,2.921,3.449,0,0,SEARCHING,0.000,0.800,-0.037,0.040
22:48:45.871,SEARCHING,10.787,-3.044,0.974,0.00,0.00,148.88,5.065,5.989,3.691,2.929,3.819,0,0,SEARCHING,0.000,0.800,-0.068,0.032
22:48:46.071,SEARCHING,10.677,-2.978,0.960,0.00,0.00,149.32,5.834,5.920,3.724,2.958,3.114,0,0,SEARCHING,0.000,0.800,-0.056,0.063
22:48:46.271,SEARCHING,10.567,-2.913,0.948,0.00,0.00,149.97,5.882,5.942,3.727,2.977,3.021,0,0,SEARCHING,0.000,0.800,-0.050,0.075
22:48:46.471,SEARCHING,10.456,-2.850,0.941,0.00,0.00,150.67,5.743,5.993,3.736,4.375,3.595,0,0,SEARCHING,0.000,0.800,0.006,0.076
22:48:46.671,SEARCHING,10.344,-2.787,0.948,0.00,0.00,151.34,5.063,6.018,3.704,5.637,3.386,0,0,SEARCHING,0.000,0.800,0.113,0.066
22:48:46.872,SEARCHING,10.231,-2.727,0.971,0.00,0.00,151.89,4.694,5.975,3.701,5.789,4.304,0,0,SEARCHING,0.000,0.800,0.096,0.054
22:48:47.073,SEARCHING,10.118,-2.667,0.989,0.00,0.00,152.32,4.583,5.931,3.709,5.891,2.991,0,0,SEARCHING,0.000,0.800,0.125,0.042
22:48:47.274,SEARCHING,10.004,-2.608,1.016,0.00,0.00,152.71,4.910,6.028,3.661,5.756,3.598,0,0,SEARCHING,0.000,0.800,0.130,0.048
22:48:47.475,SEARCHING,9.891,-2.549,1.043,0.00,0.00,153.18,4.902,5.879,3.628,5.817,3.501,0,0,SEARCHING,0.000,0.800,0.151,0.054
22:48:47.676,SEARCHING,9.776,-2.492,1.073,0.00,0.00,153.69,4.896,5.896,3.636,5.805,3.279,0,0,SEARCHING,0.000,0.800,0.149,0.057
22:48:47.875,SEARCHING,9.661,-2.436,1.102,0.00,0.00,154.22,4.908,5.839,3.570,5.708,3.943,0,0,SEARCHING,0.000,0.800,0.124,0.059
22:48:48.076,SEARCHING,9.546,-2.380,1.125,0.00,0.00,154.76,4.764,5.669,3.600,5.656,4.413,0,0,SEARCHING,0.000,0.800,0.091,0.057
22:48:48.276,SEARCHING,9.430,-2.326,1.140,0.00,0.00,155.26,4.615,5.395,3.587,5.621,3.770,0,0,SEARCHING,0.000,0.800,0.060,0.052
22:48:48.477,SEARCHING,9.313,-2.273,1.154,0.00,0.00,155.73,4.526,5.617,3.542,5.440,4.013,0,0,SEARCHING,0.000,0.800,0.081,0.050
22:48:48.677,SEARCHING,9.196,-2.221,1.172,0.00,0.00,156.18,4.487,5.693,3.552,5.404,4.058,0,0,SEARCHING,0.000,0.800,0.093,0.048
22:48:48.878,SEARCHING,9.079,-2.170,1.190,0.00,0.00,156.62,4.506,5.925,3.549,5.454,3.546,0,0,SEARCHING,0.000,0.800,0.096,0.048
22:48:49.079,SEARCHING,8.961,-2.119,1.210,0.00,0.00,157.06,4.631,6.212,3.524,5.449,3.671,0,0,SEARCHING,0.000,0.800,0.108,0.051
22:48:49.279,SEARCHING,8.843,-2.070,1.230,0.00,0.00,157.55,4.675,5.513,3.518,5.448,3.883,0,0,SEARCHING,0.000,0.800,0.091,0.055
22:48:49.480,SEARCHING,8.725,-2.021,1.249,0.00,0.00,158.05,4.609,5.892,3.487,5.391,3.472,0,0,SEARCHING,0.000,0.800,0.111,0.056
22:48:49.680,SEARCHING,8.606,-1.974,1.270,0.00,0.00,158.56,4.601,5.731,3.474,5.333,3.775,0,0,SEARCHING,0.000,0.800,0.088,0.056
22:48:49.881,SEARCHING,8.487,-1.928,1.289,0.00,0.00,159.07,4.340,5.725,3.488,5.322,3.750,0,0,SEARCHING,0.000,0.800,0.100,0.053
22:48:50.082,SEARCHING,8.367,-1.882,1.308,0.00,0.00,159.53,4.380,6.111,3.488,5.212,4.211,0,0,SEARCHING,0.000,0.800,0.075,0.048
22:48:50.284,SEARCHING,8.247,-1.838,1.322,0.00,0.00,159.97,4.425,5.867,3.467,5.143,3.672,0,0,SEARCHING,0.000,0.800,0.080,0.049
22:48:50.483,SEARCHING,8.126,-1.795,1.339,0.00,0.00,160.42,4.299,5.054,3.465,5.173,3.507,0,0,SEARCHING,0.000,0.800,0.102,0.048
22:48:50.683,SEARCHING,8.006,-1.752,1.359,0.00,0.00,160.84,4.275,5.770,3.446,5.062,4.136,0,0,SEARCHING,0.000,0.800,0.078,0.045
22:48:50.885,SEARCHING,7.885,-1.710,1.373,0.00,0.00,161.26,4.288,5.871,3.443,4.990,4.311,0,0,SEARCHING,0.000,0.800,0.045,0.046
22:48:51.084,SEARCHING,7.763,-1.670,1.380,0.00,0.00,161.68,4.244,4.879,3.472,4.977,3.876,0,0,SEARCHING,0.000,0.800,0.031,0.044
22:48:51.286,SEARCHING,7.642,-1.630,1.391,0.00,0.00,162.07,4.216,4.891,3.519,4.894,4.346,0,0,SEARCHING,0.000,0.800,0.070,0.040
22:48:51.486,SEARCHING,7.520,-1.591,1.401,0.00,0.00,162.43,4.172,3.827,3.442,4.804,3.508,0,0,SEARCHING,0.000,0.800,0.045,0.039
22:48:51.686,SEARCHING,7.398,-1.553,1.415,0.00,0.00,162.79,4.106,4.812,3.335,4.781,3.857,0,0,SEARCHING,0.000,0.800,0.097,0.042
22:48:51.886,SEARCHING,7.275,-1.515,1.447,0.00,0.00,163.19,3.981,4.223,3.282,4.689,3.202,0,0,SEARCHING,0.000,0.800,0.261,0.044
22:48:52.087,SEARCHING,7.153,-1.478,1.489,0.00,0.00,163.59,3.931,4.761,3.268,4.549,4.067,0,0,SEARCHING,0.000,0.800,0.075,0.043
22:48:52.288,SEARCHING,7.030,-1.443,1.499,0.00,0.00,163.96,3.808,3.747,3.332,4.492,3.177,0,0,SEARCHING,0.000,0.800,0.051,0.037
22:48:52.489,SEARCHING,6.907,-1.408,1.516,0.00,0.00,164.27,3.727,4.119,3.340,4.417,3.518,0,0,SEARCHING,0.000,0.800,0.124,0.030
22:48:52.689,SEARCHING,6.783,-1.373,1.542,0.00,0.00,164.52,3.630,3.155,3.369,4.312,2.957,0,0,SEARCHING,0.000,0.800,0.139,0.023
22:48:52.890,SEARCHING,6.660,-1.339,1.567,0.00,0.00,164.69,3.556,4.415,3.389,4.246,4.089,0,0,SEARCHING,0.000,0.800,0.074,0.016
22:48:53.091,SEARCHING,6.536,-1.305,1.580,0.00,0.00,164.80,3.452,4.125,3.434,4.238,4.067,0,0,SEARCHING,0.000,0.800,0.047,0.007
22:48:53.291,SEARCHING,6.413,-1.272,1.589,0.00,0.00,164.83,3.342,3.962,3.490,4.132,3.845,0,0,SEARCHING,0.000,0.800,0.034,-0.002
22:48:53.492,SEARCHING,6.289,-1.238,1.594,0.00,0.00,164.77,3.206,4.073,3.434,4.132,4.013,0,0,SEARCHING,0.000,0.800,0.008,-0.011
22:48:53.692,SEARCHING,6.135,-1.196,1.594,0.00,0.00,164.61,3.055,4.155,3.411,4.099,4.140,0,0,SEARCHING,0.000,0.800,0.002,-0.020
22:48:53.893,SEARCHING,5.981,-1.153,1.594,0.00,0.00,164.34,2.996,4.075,3.438,4.171,4.024,0,0,SEARCHING,0.000,0.800,0.000,-0.029
22:48:54.093,SEARCHING,5.827,-1.110,1.594,0.00,0.00,163.99,3.002,3.949,3.415,4.162,4.025,0,0,SEARCHING,0.000,0.800,0.000,-0.033
22:48:54.294,SEARCHING,5.683,-1.068,1.594,0.00,0.00,163.64,3.159,2.518,3.392,4.140,3.848,0,0,SEARCHING,0.000,0.711,0.000,-0.024
22:48:54.494,SEARCHING,5.540,-1.026,1.594,0.00,0.00,163.42,3.282,1.158,3.341,4.093,3.655,0,0,SEARCHING,0.000,0.689,0.000,-0.011
22:48:54.694,SEARCHING,5.415,-0.988,1.594,0.00,0.00,163.31,3.262,0.812,3.375,4.091,3.644,0,0,SEARCHING,0.000,0.556,0.000,-0.008
22:48:54.895,SEARCHING,5.306,-0.956,1.594,0.00,0.00,163.23,3.230,3.333,3.308,4.108,3.588,0,0,SEARCHING,0.000,0.694,0.000,-0.007
22:48:55.096,SEARCHING,5.166,-0.913,1.594,0.00,0.00,163.14,3.096,3.463,3.332,4.143,3.538,0,0,SEARCHING,0.000,0.775,0.000,-0.011
22:48:55.297,SEARCHING,5.031,-0.872,1.596,0.00,0.00,162.99,2.962,2.490,3.308,3.978,3.390,0,0,SEARCHING,0.000,0.794,0.036,-0.021
22:48:55.497,SEARCHING,4.909,-0.835,1.604,0.00,0.00,162.74,2.810,2.847,3.276,4.015,3.265,0,0,SEARCHING,0.000,0.799,0.053,-0.033
22:48:55.697,SEARCHING,4.787,-0.796,1.616,0.00,0.00,162.39,2.707,2.094,3.207,3.994,3.077,0,0,SEARCHING,0.000,0.800,0.076,-0.043
22:48:55.898,SEARCHING,4.665,-0.757,1.629,0.00,0.00,161.97,2.604,3.914,3.138,3.757,5.043,0,0,SEARCHING,0.000,0.800,0.003,-0.048
22:48:56.099,SEARCHING,4.543,-0.717,1.622,0.00,0.00,161.51,2.502,8.977,3.091,3.730,8.184,0,0,SEARCHING,0.000,0.800,-0.120,-0.055
22:48:56.299,SEARCHING,4.422,-0.676,1.597,0.00,0.00,160.98,2.391,5.943,3.011,3.634,8.434,0,0,SEARCHING,0.000,0.800,-0.148,-0.062
22:48:56.499,SEARCHING,4.301,-0.634,1.565,0.00,0.00,160.37,2.299,6.464,2.944,3.548,9.291,0,0,SEARCHING,0.000,0.800,-0.186,-0.071
22:48:56.701,SEARCHING,4.181,-0.590,1.527,0.00,0.00,159.69,2.155,5.003,2.842,3.319,4.846,0,0,SEARCHING,0.000,0.800,-0.166,-0.081
22:48:56.901,SEARCHING,4.061,-0.545,1.499,0.00,0.00,158.89,2.051,2.553,2.774,3.417,3.731,0,0,SEARCHING,0.000,0.800,-0.069,-0.094
22:48:57.102,SEARCHING,3.942,-0.498,1.489,0.00,0.00,157.98,1.534,2.763,2.645,3.359,3.344,0,0,SEARCHING,0.000,0.800,-0.017,-0.138
22:48:57.303,SEARCHING,3.809,-0.443,1.487,0.00,0.00,156.31,1.878,3.611,2.525,3.668,3.426,0,0,SEARCHING,0.000,0.800,-0.004,-0.145
22:48:57.503,SEARCHING,3.664,-0.376,1.487,0.00,0.00,154.72,1.772,3.348,2.431,3.477,3.301,0,0,SEARCHING,0.000,0.800,-0.001,-0.133
22:48:59.006,SEARCHING,3.520,-0.307,1.487,0.00,0.00,154.00,5.833,2.564,2.301,3.345,3.268,0,0,SEARCHING,0.000,0.800,-0.000,0.092
22:48:59.018,SEARCHING,3.375,-0.238,1.487,0.00,0.00,155.32,5.833,2.564,2.301,3.345,3.268,0,0,SEARCHING,0.000,0.800,-0.000,0.182
22:48:59.111,SEARCHING,3.229,-0.173,1.487,0.00,0.00,157.50,7.624,3.000,2.231,3.176,3.164,0,0,SEARCHING,0.000,0.800,-0.000,0.217
22:48:59.300,SEARCHING,3.080,-0.115,1.487,0.00,0.00,160.01,8.279,5.754,2.226,9.197,9.196,0,0,SEARCHING,0.000,0.800,-0.000,0.228
22:48:59.497,SEARCHING,2.928,-0.064,1.487,0.00,0.00,162.73,9.116,3.679,1.276,9.906,9.905,0,0,SEARCHING,0.000,0.800,-0.000,0.332
22:48:59.697,SEARCHING,2.774,-0.021,1.487,0.00,0.00,166.92,6.452,6.372,1.476,9.989,9.989,0,0,SEARCHING,0.000,0.800,-0.000,0.377
22:48:59.898,SEARCHING,2.617,0.010,1.487,0.00,0.00,171.11,9.583,9.573,4.574,9.999,9.999,0,0,SEARCHING,0.000,0.800,-0.000,0.263
22:49:00.100,SEARCHING,2.459,0.031,1.487,0.00,0.00,173.30,9.951,9.247,8.658,10.000,10.000,0,0,SEARCHING,0.000,0.800,-0.000,0.094
22:49:00.300,SEARCHING,2.300,0.049,1.487,0.00,0.00,174.01,9.994,9.911,9.842,10.000,10.000,0,0,SEARCHING,0.000,0.800,-0.000,0.026
22:49:00.500,SEARCHING,2.140,0.065,1.487,0.00,0.00,174.20,9.999,9.990,9.981,10.000,10.000,0,0,SEARCHING,0.000,0.800,-0.000,0.006
22:49:00.701,SEARCHING,1.981,0.081,1.487,0.00,0.00,174.24,10.000,9.999,9.998,10.000,10.000,0,0,SEARCHING,0.000,0.800,-0.000,0.002
22:49:00.901,SEARCHING,1.822,0.098,1.487,0.00,0.00,174.26,10.000,10.000,10.000,10.000,10.000,0,0,SEARCHING,0.000,0.800,-0.000,0.000
22:49:01.102,SEARCHING,1.663,0.114,1.487,0.00,0.00,174.26,10.000,10.000,10.000,10.000,10.000,0,0,SEARCHING,0.000,0.800,-0.000,0.000
22:49:01.303,SEARCHING,1.504,0.130,1.487,0.00,0.00,174.26,10.000,10.000,10.000,10.000,10.000,0,0,SEARCHING,0.000,0.800,-0.000,0.000
22:49:01.502,SEARCHING,1.344,0.146,1.487,0.00,0.00,174.26,10.000,10.000,10.000,10.000,10.000,0,0,SEARCHING,0.000,0.800,-0.000,0.000
22:49:01.703,SEARCHING,1.185,0.162,1.487,0.00,0.00,174.26,10.000,10.000,10.000,10.000,10.000,0,0,SEARCHING,0.000,0.800,-0.000,0.000
22:49:01.904,SEARCHING,1.026,0.178,1.487,0.00,0.00,174.26,10.000,10.000,10.000,10.000,10.000,0,0,SEARCHING,0.000,0.800,-0.000,0.000
22:49:02.104,SEARCHING,0.867,0.194,1.487,0.00,0.00,174.26,10.000,10.000,10.000,10.000,10.000,0,0,SEARCHING,0.000,0.800,-0.000,0.000
22:49:02.305,SEARCHING,0.708,0.210,1.487,0.00,0.00,174.26,10.000,10.000,10.000,10.000,10.000,0,0,SEARCHING,0.000,0.800,-0.000,0.000
22:49:02.506,SEARCHING,0.548,0.226,1.487,0.00,0.00,174.26,10.000,10.000,10.000,10.000,10.000,0,0,SEARCHING,0.000,0.800,-0.000,0.000
22:49:02.706,SEARCHING,0.389,0.242,1.487,0.00,0.00,174.26,10.000,10.000,10.000,10.000,10.000,0,0,SEARCHING,0.000,0.800,-0.000,0.000
22:49:02.907,SEARCHING,0.230,0.258,1.487,0.00,0.00,174.26,10.000,10.000,10.000,10.000,10.000,0,0,SEARCHING,0.000,0.800,-0.000,0.000
22:49:03.108,SEARCHING,0.071,0.274,1.487,0.00,0.00,174.26,10.000,10.000,10.000,10.000,10.000,0,0,SEARCHING,0.000,0.800,-0.000,0.000
22:49:03.307,SEARCHING,-0.088,0.290,1.487,0.00,0.00,174.26,10.000,10.000,10.000,10.000,10.000,0,0,SEARCHING,0.000,0.800,-0.000,0.000
22:49:03.509,SEARCHING,-0.248,0.306,1.487,0.00,0.00,174.26,10.000,10.000,10.000,10.000,10.000,0,0,SEARCHING,0.000,0.800,-0.000,0.000
22:49:03.709,SEARCHING,-0.407,0.322,1.487,0.00,0.00,174.26,10.000,10.000,10.000,10.000,10.000,0,0,SEARCHING,0.000,0.800,-0.000,0.000
22:49:03.910,SEARCHING,-0.566,0.338,1.487,0.00,0.00,174.26,10.000,10.000,10.000,10.000,10.000,0,0,SEARCHING,0.000,0.800,-0.000,0.000
22:49:04.110,SEARCHING,-0.725,0.354,1.487,0.00,0.00,174.26,10.000,10.000,10.000,10.000,10.000,0,0,SEARCHING,0.000,0.800,-0.000,0.000
22:49:04.310,SEARCHING,-0.884,0.370,1.487,0.00,0.00,174.26,10.000,10.000,10.000,10.000,10.000,0,0,SEARCHING,0.000,0.800,-0.000,0.000
22:49:04.511,SEARCHING,-1.044,0.386,1.487,0.00,0.00,174.26,10.000,10.000,10.000,10.000,10.000,0,0,SEARCHING,0.000,0.800,-0.000,0.000
22:49:04.712,SEARCHING,-1.203,0.402,1.487,0.00,0.00,174.26,10.000,10.000,10.000,10.000,10.000,0,0,SEARCHING,0.000,0.800,-0.000,0.000
22:49:04.912,SEARCHING,-1.362,0.418,1.487,0.00,0.00,174.26,10.000,10.000,10.000,10.000,10.000,0,0,SEARCHING,0.000,0.800,-0.000,0.000
22:49:05.113,SEARCHING,-1.521,0.434,1.487,0.00,0.00,174.26,10.000,10.000,10.000,10.000,10.000,0,0,SEARCHING,0.000,0.800,-0.000,0.000
22:49:05.314,SEARCHING,-1.680,0.450,1.487,0.00,0.00,174.26,10.000,10.000,10.000,10.000,10.000,0,0,SEARCHING,0.000,0.800,-0.000,0.000
22:49:05.514,SEARCHING,-1.840,0.466,1.487,0.00,0.00,174.26,10.000,10.000,10.000,10.000,10.000,0,0,SEARCHING,0.000,0.800,-0.000,0.000
22:49:05.714,SEARCHING,-1.999,0.482,1.487,0.00,0.00,174.26,10.000,10.000,10.000,10.000,10.000,0,0,SEARCHING,0.000,0.800,-0.000,0.000
22:49:05.916,SEARCHING,-2.158,0.498,1.487,0.00,0.00,174.26,10.000,10.000,10.000,10.000,10.000,0,0,SEARCHING,0.000,0.800,-0.000,0.000
22:49:06.116,SEARCHING,-2.317,0.514,1.487,0.00,0.00,174.26,10.000,10.000,10.000,10.000,10.000,0,0,SEARCHING,0.000,0.800,-0.000,0.000
22:49:06.317,SEARCHING,-2.476,0.530,1.487,0.00,0.00,174.26,10.000,10.000,10.000,10.000,10.000,0,0,SEARCHING,0.000,0.800,-0.000,0.000
22:49:06.517,SEARCHING,-2.636,0.546,1.487,0.00,0.00,174.26,10.000,10.000,10.000,10.000,10.000,0,0,SEARCHING,0.000,0.800,-0.000,0.000
22:49:06.717,SEARCHING,-2.795,0.562,1.487,0.00,0.00,174.26,10.000,10.000,10.000,10.000,10.000,0,0,SEARCHING,0.000,0.800,-0.000,0.000
22:49:06.919,SEARCHING,-2.954,0.578,1.487,0.00,0.00,174.26,10.000,10.000,10.000,10.000,10.000,0,0,SEARCHING,0.000,0.800,-0.000,0.000
22:49:07.118,SEARCHING,-3.113,0.594,1.487,0.00,0.00,174.26,10.000,10.000,10.000,10.000,10.000,0,0,SEARCHING,0.000,0.800,-0.000,0.000
22:49:07.318,SEARCHING,-3.272,0.610,1.487,0.00,0.00,174.26,10.000,10.000,10.000,10.000,10.000,0,0,SEARCHING,0.000,0.800,-0.000,0.000
22:49:07.519,SEARCHING,-3.432,0.626,1.487,0.00,0.00,174.26,10.000,10.000,10.000,10.000,10.000,0,0,SEARCHING,0.000,0.800,-0.000,0.000
22:49:07.720,SEARCHING,-3.591,0.642,1.487,0.00,0.00,174.26,10.000,10.000,10.000,10.000,10.000,0,0,SEARCHING,0.000,0.800,-0.000,0.000
22:49:07.919,SEARCHING,-3.750,0.658,1.487,0.00,0.00,174.26,10.000,10.000,10.000,10.000,10.000,0,0,SEARCHING,0.000,0.800,-0.000,0.000
22:49:08.118,SEARCHING,-3.909,0.674,1.487,0.00,0.00,174.26,10.000,10.000,10.000,10.000,10.000,0,0,SEARCHING,0.000,0.800,-0.000,0.000
22:49:08.318,SEARCHING,-4.068,0.690,1.487,0.00,0.00,174.26,10.000,10.000,10.000,10.000,10.000,0,0,SEARCHING,0.000,0.800,-0.000,0.000
22:49:08.519,SEARCHING,-4.228,0.706,1.487,0.00,0.00,174.26,10.000,10.000,10.000,10.000,10.000,0,0,SEARCHING,0.000,0.800,-0.000,0.000
22:49:08.719,SEARCHING,-4.387,0.722,1.487,0.00,0.00,174.26,10.000,10.000,10.000,10.000,10.000,0,0,SEARCHING,0.000,0.800,-0.000,0.000
22:49:08.919,SEARCHING,-4.546,0.738,1.487,0.00,0.00,174.26,10.000,10.000,10.000,10.000,10.000,0,0,SEARCHING,0.000,0.800,-0.000,0.000
22:49:09.120,SEARCHING,-4.705,0.754,1.487,0.00,0.00,174.26,10.000,10.000,10.000,10.000,10.000,0,0,SEARCHING,0.000,0.800,-0.000,0.000
22:49:09.320,SEARCHING,-4.864,0.770,1.487,0.00,0.00,174.26,10.000,10.000,10.000,10.000,10.000,0,0,SEARCHING,0.000,0.800,-0.000,0.000
22:49:09.521,SEARCHING,-5.023,0.786,1.487,0.00,0.00,174.26,10.000,10.000,10.000,10.000,10.000,0,0,SEARCHING,0.000,0.800,-0.000,0.000
22:49:09.720,SEARCHING,-5.183,0.802,1.487,0.00,0.00,174.26,10.000,10.000,10.000,10.000,10.000,0,0,SEARCHING,0.000,0.800,-0.000,0.000
22:49:09.921,SEARCHING,-5.342,0.818,1.487,0.00,0.00,174.26,10.000,10.000,10.000,10.000,10.000,0,0,SEARCHING,0.000,0.800,-0.000,0.000
22:49:10.122,SEARCHING,-5.501,0.834,1.487,0.00,0.00,174.26,10.000,10.000,10.000,10.000,10.000,0,0,SEARCHING,0.000,0.800,-0.000,0.000
22:49:10.323,SEARCHING,-5.660,0.850,1.487,0.00,0.00,174.26,10.000,10.000,10.000,10.000,10.000,0,0,SEARCHING,0.000,0.800,-0.000,0.000
22:49:10.523,SEARCHING,-5.819,0.866,1.487,0.00,0.00,174.26,10.000,10.000,10.000,10.000,10.000,0,0,SEARCHING,0.000,0.800,-0.000,0.000
22:49:10.723,SEARCHING,-5.979,0.882,1.487,0.00,0.00,174.26,10.000,10.000,10.000,10.000,10.000,0,0,SEARCHING,0.000,0.800,-0.000,0.000
22:49:10.924,SEARCHING,-6.138,0.898,1.487,0.00,0.00,174.26,10.000,10.000,10.000,10.000,10.000,0,0,SEARCHING,0.000,0.800,-0.000,0.000
22:49:11.124,SEARCHING,-6.297,0.914,1.487,0.00,0.00,174.26,10.000,10.000,10.000,10.000,10.000,0,0,SEARCHING,0.000,0.800,-0.000,0.000
22:49:11.325,SEARCHING,-6.456,0.930,1.487,0.00,0.00,174.26,10.000,10.000,10.000,10.000,10.000,0,0,SEARCHING,0.000,0.800,-0.000,0.000
22:49:11.526,SEARCHING,-6.615,0.946,1.487,0.00,0.00,174.26,10.000,10.000,10.000,10.000,10.000,0,0,SEARCHING,0.000,0.800,-0.000,0.000
22:49:11.727,SEARCHING,-6.775,0.962,1.487,0.00,0.00,174.26,10.000,10.000,10.000,10.000,10.000,0,0,SEARCHING,0.000,0.800,-0.000,0.000
22:49:11.926,SEARCHING,-6.934,0.978,1.487,0.00,0.00,174.26,10.000,10.000,10.000,10.000,10.000,0,0,SEARCHING,0.000,0.800,-0.000,0.000
22:49:12.127,SEARCHING,-7.093,0.994,1.487,0.00,0.00,174.26,10.000,10.000,10.000,10.000,10.000,0,0,SEARCHING,0.000,0.800,-0.000,0.000
22:49:12.328,SEARCHING,-7.252,1.010,1.487,0.00,0.00,174.26,10.000,10.000,10.000,10.000,10.000,0,0,SEARCHING,0.000,0.800,-0.000,0.000
22:49:12.529,SEARCHING,-7.411,1.026,1.487,0.00,0.00,174.26,10.000,10.000,10.000,10.000,10.000,0,0,SEARCHING,0.000,0.800,-0.000,0.000
22:49:12.728,SEARCHING,-7.571,1.042,1.487,0.00,0.00,174.26,10.000,10.000,10.000,10.000,10.000,0,0,SEARCHING,0.000,0.800,-0.000,0.000
22:49:12.930,SEARCHING,-7.730,1.058,1.487,0.00,0.00,174.26,10.000,10.000,10.000,10.000,10.000,0,0,SEARCHING,0.000,0.800,-0.000,0.000
22:49:13.129,SEARCHING,-7.889,1.074,1.487,0.00,0.00,174.26,10.000,10.000,10.000,10.000,10.000,0,0,SEARCHING,0.000,0.800,-0.000,0.000
22:49:13.330,SEARCHING,-8.048,1.090,1.487,0.00,0.00,174.26,10.000,10.000,10.000,10.000,10.000,0,0,SEARCHING,0.000,0.800,-0.000,0.000
22:49:13.531,SEARCHING,-8.207,1.106,1.487,0.00,0.00,174.26,10.000,10.000,10.000,10.000,10.000,0,0,SEARCHING,0.000,0.800,-0.000,0.000
22:49:13.731,SEARCHING,-8.367,1.122,1.487,0.00,0.00,174.26,10.000,10.000,10.000,10.000,10.000,0,0,SEARCHING,0.000,0.800,-0.000,0.000
22:49:13.931,SEARCHING,-8.526,1.138,1.487,0.00,0.00,174.26,10.000,10.000,10.000,10.000,10.000,0,0,SEARCHING,0.000,0.800,-0.000,0.000
22:49:14.132,SEARCHING,-8.685,1.154,1.487,0.00,0.00,174.26,10.000,10.000,10.000,10.000,10.000,0,0,SEARCHING,0.000,0.800,-0.000,0.000
22:49:14.332,SEARCHING,-8.844,1.170,1.487,0.00,0.00,174.26,10.000,10.000,10.000,10.000,10.000,0,0,SEARCHING,0.000,0.800,-0.000,0.000
22:49:14.532,SEARCHING,-9.003,1.186,1.487,0.00,0.00,174.26,10.000,10.000,10.000,10.000,10.000,0,0,SEARCHING,0.000,0.800,-0.000,0.000
22:49:14.737,SEARCHING,-9.163,1.202,1.487,0.00,0.00,174.26,10.000,10.000,10.000,10.000,10.000,0,0,SEARCHING,0.000,0.800,-0.000,0.000
22:49:14.938,SEARCHING,-9.322,1.218,1.487,0.00,0.00,174.26,10.000,10.000,10.000,10.000,10.000,0,0,SEARCHING,0.000,0.800,-0.000,0.000
22:49:15.139,SEARCHING,-9.481,1.234,1.487,0.00,0.00,174.26,10.000,10.000,10.000,10.000,10.000,0,0,SEARCHING,0.000,0.800,-0.000,0.000
22:49:15.339,SEARCHING,-9.640,1.250,1.487,0.00,0.00,174.26,10.000,10.000,10.000,10.000,10.000,0,0,SEARCHING,0.000,0.800,-0.000,0.000
22:49:15.540,SEARCHING,-9.799,1.266,1.487,0.00,0.00,174.26,10.000,10.000,10.000,10.000,10.000,0,0,SEARCHING,0.000,0.800,-0.000,0.000
22:49:15.745,SEARCHING,-9.959,1.282,1.487,0.00,0.00,174.26,10.000,10.000,10.000,10.000,10.000,0,0,SEARCHING,0.000,0.800,-0.000,0.000
22:49:15.945,SEARCHING,-10.118,1.298,1.487,0.00,0.00,174.26,10.000,10.000,10.000,10.000,10.000,0,0,SEARCHING,0.000,0.800,-0.000,0.000
22:49:16.144,SEARCHING,-10.277,1.314,1.487,0.00,0.00,174.26,10.000,10.000,10.000,10.000,10.000,0,0,SEARCHING,0.000,0.800,-0.000,0.000
22:49:16.345,SEARCHING,-10.436,1.330,1.487,0.00,0.00,174.26,10.000,10.000,10.000,10.000,10.000,0,0,SEARCHING,0.000,0.800,-0.000,0.000
22:49:16.546,SEARCHING,-10.595,1.346,1.487,0.00,0.00,174.26,10.000,10.000,10.000,10.000,10.000,0,0,SEARCHING,0.000,0.800,-0.000,0.000
22:49:16.745,SEARCHING,-10.755,1.362,1.487,0.00,0.00,174.26,10.000,10.000,10.000,10.000,10.000,0,0,SEARCHING,0.000,0.800,-0.000,0.000
22:49:16.945,SEARCHING,-10.914,1.378,1.487,0.00,0.00,174.26,10.000,10.000,10.000,10.000,10.000,0,0,SEARCHING,0.000,0.800,-0.000,0.000
22:49:17.146,SEARCHING,-11.073,1.394,1.487,0.00,0.00,174.26,10.000,10.000,10.000,10.000,10.000,0,0,SEARCHING,0.000,0.800,-0.000,0.000
22:49:17.347,SEARCHING,-11.232,1.410,1.487,0.00,0.00,174.26,10.000,10.000,10.000,10.000,10.000,0,0,SEARCHING,0.000,0.800,-0.000,0.000
22:49:17.547,SEARCHING,-11.391,1.426,1.487,0.00,0.00,174.26,10.000,10.000,10.000,10.000,10.000,0,0,SEARCHING,0.000,0.800,-0.000,0.000
22:49:17.748,SEARCHING,-11.551,1.442,1.487,0.00,0.00,174.26,10.000,10.000,10.000,10.000,10.000,0,0,SEARCHING,0.000,0.800,-0.000,0.000
22:49:17.948,SEARCHING,-11.710,1.458,1.487,0.00,0.00,174.26,3.579,7.948,10.000,10.000,10.000,0,0,SEARCHING,0.000,0.800,-0.000,-0.043
22:49:18.149,SEARCHING,-11.869,1.475,1.487,0.00,0.00,173.48,8.240,8.754,10.000,10.000,10.000,0,0,SEARCHING,0.000,0.800,-0.000,-0.060
22:49:18.349,SEARCHING,-12.028,1.494,1.487,0.00,0.00,172.88,6.558,6.619,10.000,10.000,10.000,0,0,SEARCHING,0.000,0.800,-0.000,-0.049
22:49:18.549,SEARCHING,-12.186,1.514,1.487,0.00,0.00,172.32,3.650,3.656,10.000,10.000,10.000,0,0,SEARCHING,0.000,0.800,-0.000,-0.078
22:49:18.750,SEARCHING,-12.345,1.537,1.487,0.00,0.00,171.45,9.253,8.257,10.000,10.000,10.000,0,0,SEARCHING,0.000,0.800,-0.000,-0.043
22:49:18.950,SEARCHING,-12.503,1.561,1.487,0.00,0.00,171.16,7.368,8.315,8.995,10.000,10.000,0,0,SEARCHING,0.000,0.800,-0.000,-0.011
22:49:19.150,SEARCHING,-12.661,1.586,1.487,0.00,0.00,171.11,8.495,1.292,8.173,10.000,10.000,0,0,SEARCHING,0.000,0.800,-0.000,0.007
22:49:19.350,SEARCHING,-12.819,1.610,1.487,0.00,0.00,171.17,9.823,4.352,9.785,10.000,10.000,0,0,SEARCHING,0.000,0.800,-0.000,0.002
22:49:19.551,SEARCHING,-12.977,1.635,1.487,0.00,0.00,171.19,9.979,4.269,9.975,10.000,10.000,0,0,SEARCHING,0.000,0.800,-0.000,0.001
22:49:19.752,SEARCHING,-13.135,1.659,1.487,0.00,0.00,171.20,5.080,1.809,3.662,10.000,10.000,0,0,SEARCHING,0.000,0.800,-0.000,0.018
22:49:19.952,SEARCHING,-13.294,1.684,1.487,0.00,0.00,171.48,5.520,7.337,6.814,10.000,10.000,0,0,SEARCHING,0.000,0.800,-0.000,0.008
22:49:20.153,SEARCHING,-13.452,1.707,1.487,0.00,0.00,171.77,1.580,1.099,5.402,10.000,10.000,0,0,SEARCHING,0.000,0.646,-0.000,-0.064
22:49:20.353,SEARCHING,-13.574,1.726,1.487,0.00,0.00,170.46,1.503,4.008,8.454,10.000,10.000,0,0,SEARCHING,0.000,0.710,-0.000,-0.210
22:49:20.554,SEARCHING,-13.711,1.752,1.487,0.00,0.00,167.51,2.471,2.180,6.215,10.000,10.000,0,0,SEARCHING,0.000,0.704,-0.000,-0.245
22:49:20.754,SEARCHING,-13.855,1.787,1.487,0.00,0.00,165.41,3.247,4.870,3.211,10.000,10.000,0,0,SEARCHING,0.000,0.777,-0.000,-0.073
22:49:20.954,SEARCHING,-14.007,1.827,1.487,0.00,0.00,164.97,2.564,2.755,2.007,10.000,10.000,0,0,SEARCHING,0.000,0.794,-0.000,0.022
22:49:21.155,SEARCHING,-14.143,1.864,1.487,0.00,0.00,164.31,5.038,5.062,4.560,10.000,10.000,0,0,SEARCHING,0.000,0.640,-0.000,-0.131
22:49:21.356,SEARCHING,-14.278,1.903,1.487,0.00,0.00,163.30,3.516,2.822,6.092,10.000,10.000,0,0,SEARCHING,0.000,0.762,-0.000,-0.074
22:49:21.555,SEARCHING,-14.426,1.949,1.487,0.00,0.00,162.29,1.704,4.531,6.754,10.000,10.000,0,0,SEARCHING,0.000,0.791,-0.000,-0.179
22:49:21.755,SEARCHING,-14.576,2.000,1.487,0.00,0.00,159.83,4.115,7.720,7.596,10.000,10.000,0,0,SEARCHING,0.000,0.798,-0.000,-0.182
22:49:21.956,SEARCHING,-14.725,2.057,1.487,0.00,0.00,157.63,5.326,4.620,6.507,10.000,10.000,0,0,SEARCHING,0.000,0.799,-0.000,-0.170
22:49:22.157,SEARCHING,-14.872,2.120,1.487,0.00,0.00,156.57,3.500,5.716,5.287,10.000,10.000,0,0,SEARCHING,0.000,0.800,-0.000,-0.033
22:49:22.357,SEARCHING,-15.019,2.184,1.487,0.00,0.00,155.45,3.966,6.141,6.094,10.000,10.000,0,0,SEARCHING,0.000,0.800,-0.000,-0.150
22:49:22.558,SEARCHING,-15.164,2.252,1.487,0.00,0.00,154.52,6.301,7.974,6.194,10.000,10.000,0,0,SEARCHING,0.000,0.800,-0.000,0.001
22:49:22.758,SEARCHING,-15.308,2.321,1.487,0.00,0.00,154.43,7.320,9.762,9.552,10.000,10.000,0,0,SEARCHING,0.000,0.800,-0.000,-0.022
22:49:22.958,SEARCHING,-15.452,2.391,1.487,0.00,0.00,154.21,9.685,9.972,9.947,10.000,10.000,0,0,SEARCHING,0.000,0.800,-0.000,-0.011
22:49:23.159,SEARCHING,-15.596,2.460,1.487,0.00,0.00,154.13,9.963,9.997,9.994,10.000,10.000,0,0,SEARCHING,0.000,0.800,-0.000,-0.003
22:49:23.360,SEARCHING,-15.740,2.530,1.487,0.00,0.00,154.08,7.768,10.000,5.372,10.000,10.000,0,0,SEARCHING,0.000,0.800,-0.000,0.009
22:49:23.560,SEARCHING,-15.884,2.600,1.487,0.00,0.00,154.41,6.415,10.000,5.574,10.000,10.000,0,0,SEARCHING,0.000,0.800,-0.000,0.040
22:49:23.760,SEARCHING,-16.029,2.668,1.487,0.00,0.00,154.74,9.578,10.000,9.479,10.000,10.000,0,0,SEARCHING,0.000,0.800,-0.000,0.013
22:49:23.961,SEARCHING,-16.174,2.737,1.487,0.00,0.00,154.83,9.950,10.000,9.939,10.000,10.000,0,0,SEARCHING,0.000,0.800,-0.000,0.003
22:49:24.161,SEARCHING,-16.318,2.805,1.487,0.00,0.00,154.86,9.994,10.000,9.993,10.000,10.000,0,0,SEARCHING,0.000,0.800,-0.000,0.001
22:49:24.362,SEARCHING,-16.463,2.873,1.487,0.00,0.00,154.89,9.999,10.000,8.239,10.000,10.000,0,0,SEARCHING,0.000,0.800,-0.000,0.010
22:49:24.561,SEARCHING,-16.608,2.940,1.487,0.00,0.00,155.04,8.689,8.689,9.343,10.000,10.000,0,0,SEARCHING,0.000,0.800,-0.000,0.009
22:49:24.762,SEARCHING,-16.753,3.008,1.487,0.00,0.00,155.11,9.846,9.846,6.799,10.000,10.000,0,0,SEARCHING,0.000,0.800,-0.000,0.016
22:49:24.963,SEARCHING,-16.899,3.075,1.487,0.00,0.00,155.32,9.982,8.110,9.623,10.000,10.000,0,0,SEARCHING,0.000,0.800,-0.000,0.012
22:49:25.163,SEARCHING,-17.044,3.142,1.487,0.00,0.00,155.42,9.998,9.778,9.956,10.000,10.000,0,0,SEARCHING,0.000,0.800,-0.000,0.004
22:49:25.363,SEARCHING,-17.189,3.208,1.487,0.00,0.00,155.49,10.000,7.299,9.353,10.000,10.000,0,0,SEARCHING,0.000,0.800,-0.000,0.009
22:49:25.564,SEARCHING,-17.335,3.274,1.487,0.00,0.00,155.64,10.000,9.682,7.134,10.000,10.000,0,0,SEARCHING,0.000,0.800,-0.000,0.024
22:49:25.764,SEARCHING,-17.481,3.340,1.487,0.00,0.00,155.89,10.000,9.963,9.663,10.000,10.000,0,0,SEARCHING,0.000,0.800,-0.000,0.013
22:49:25.965,SEARCHING,-17.627,3.405,1.487,0.00,0.00,156.00,10.000,9.996,9.960,10.000,10.000,0,0,SEARCHING,0.000,0.800,-0.000,0.004
22:49:26.164,SEARCHING,-17.773,3.470,1.487,0.00,0.00,156.02,10.000,9.999,9.995,10.000,10.000,0,0,SEARCHING,0.000,0.800,-0.000,0.001
22:49:26.365,SEARCHING,-17.920,3.535,1.487,0.00,0.00,156.03,10.000,10.000,9.999,10.000,10.000,0,0,SEARCHING,0.000,0.800,-0.000,0.000
22:49:26.565,SEARCHING,-18.066,3.600,1.487,0.00,0.00,156.03,10.000,6.817,5.453,10.000,10.000,0,0,SEARCHING,0.000,0.800,-0.000,0.020
22:49:26.766,SEARCHING,-18.212,3.665,1.487,0.00,0.00,156.34,10.000,9.626,6.790,10.000,10.000,0,0,SEARCHING,0.000,0.800,-0.000,0.028
22:49:26.966,SEARCHING,-18.359,3.729,1.487,0.00,0.00,156.64,10.000,9.956,9.622,10.000,10.000,0,0,SEARCHING,0.000,0.800,-0.000,0.015
22:49:27.166,SEARCHING,-18.506,3.792,1.487,0.00,0.00,156.76,10.000,9.995,9.956,10.000,10.000,0,0,SEARCHING,0.000,0.800,-0.000,0.004
22:49:27.367,SEARCHING,-18.653,3.855,1.487,0.00,0.00,156.79,10.000,9.999,9.995,10.000,10.000,0,0,SEARCHING,0.000,0.800,-0.000,0.001
22:49:27.567,SEARCHING,-18.800,3.918,1.487,0.00,0.00,156.80,10.000,10.000,9.999,10.000,10.000,0,0,SEARCHING,0.000,0.800,-0.000,0.000
22:49:27.768,SEARCHING,-18.947,3.981,1.487,0.00,0.00,156.80,10.000,10.000,6.015,10.000,10.000,0,0,SEARCHING,0.000,0.800,-0.000,0.016
22:49:27.968,SEARCHING,-19.094,4.044,1.487,0.00,0.00,157.17,10.000,10.000,8.439,10.000,10.000,0,0,SEARCHING,0.000,0.800,-0.000,0.038
22:49:28.177,SEARCHING,-19.242,4.106,1.487,0.00,0.00,157.48,10.000,10.000,9.816,10.000,10.000,0,0,SEARCHING,0.000,0.800,-0.000,0.013
22:49:28.376,SEARCHING,-19.390,4.167,1.487,0.00,0.00,157.58,10.000,10.000,9.978,10.000,10.000,0,0,SEARCHING,0.000,0.800,-0.000,0.003
22:49:28.575,SEARCHING,-19.538,4.228,1.487,0.00,0.00,157.60,10.000,10.000,9.997,10.000,10.000,0,0,SEARCHING,0.000,0.800,-0.000,0.001
22:49:28.775,SEARCHING,-19.685,4.289,1.487,0.00,0.00,157.61,10.000,10.000,10.000,10.000,10.000,0,0,SEARCHING,0.000,0.800,-0.000,0.000
22:49:28.977,SEARCHING,-19.833,4.350,1.487,0.00,0.00,157.61,10.000,10.000,10.000,10.000,10.000,0,0,SEARCHING,0.000,0.800,-0.000,0.000
22:49:29.177,SEARCHING,-19.981,4.410,1.487,0.00,0.00,157.65,10.000,8.689,9.358,10.000,10.000,0,0,SEARCHING,0.000,0.800,-0.000,0.008
22:49:29.378,SEARCHING,-20.129,4.471,1.487,0.00,0.00,157.73,10.000,8.928,9.924,10.000,10.000,0,0,SEARCHING,0.000,0.800,-0.000,0.003
22:49:29.578,SEARCHING,-20.277,4.532,1.487,0.00,0.00,157.75,10.000,9.874,9.991,10.000,10.000,0,0,SEARCHING,0.000,0.800,-0.000,0.001
22:49:29.779,SEARCHING,-20.426,4.592,1.487,0.00,0.00,157.73,2.576,4.124,2.773,10.000,10.000,0,0,SEARCHING,0.000,0.800,-0.000,-0.011
22:49:29.979,SEARCHING,-20.574,4.653,1.487,0.00,0.00,157.60,1.895,2.527,1.924,10.000,10.000,0,0,SEARCHING,0.000,0.800,-0.000,-0.008
22:49:30.180,SEARCHING,-20.721,4.714,1.487,0.00,0.00,157.51,1.172,1.701,1.180,10.000,10.000,0,0,SEARCHING,0.000,0.713,-0.000,-0.005
22:49:30.380,SEARCHING,-20.850,4.768,1.487,0.00,0.00,157.63,2.652,2.077,2.012,10.000,10.000,0,0,SEARCHING,0.000,0.749,-0.000,0.052
22:49:30.580,SEARCHING,-20.993,4.825,1.487,0.00,0.00,158.37,3.137,6.665,5.738,10.000,10.000,0,0,SEARCHING,0.000,0.788,-0.000,0.015
22:49:30.780,SEARCHING,-21.140,4.884,1.487,0.00,0.00,158.24,7.882,4.414,3.633,10.000,10.000,0,0,SEARCHING,0.000,0.797,-0.000,0.024
22:49:30.981,SEARCHING,-21.288,4.942,1.487,0.00,0.00,158.66,6.430,6.470,6.378,10.000,10.000,0,0,SEARCHING,0.000,0.799,-0.000,0.022
22:49:31.181,SEARCHING,-21.437,5.000,1.487,0.00,0.00,158.86,9.580,9.585,9.124,10.000,10.000,0,0,SEARCHING,0.000,0.800,-0.000,0.012
22:49:32.572,SEARCHING,-21.587,5.058,1.487,0.00,0.00,158.97,9.856,9.858,9.700,10.000,10.000,0,0,SEARCHING,0.000,0.800,-0.000,0.004
22:49:32.604,SEARCHING,-21.736,5.115,1.487,0.00,0.00,159.01,9.899,9.900,9.790,10.000,10.000,0,0,SEARCHING,0.000,0.800,-0.000,0.002
22:49:32.766,SEARCHING,-21.885,5.173,1.487,0.00,0.00,159.13,9.994,9.994,9.127,10.000,10.000,0,0,SEARCHING,0.000,0.800,-0.000,0.019
22:49:32.962,SEARCHING,-22.035,5.229,1.487,0.00,0.00,159.32,9.999,9.999,9.211,10.000,10.000,0,0,SEARCHING,0.000,0.800,-0.000,0.013
22:49:33.161,SEARCHING,-22.185,5.286,1.487,0.00,0.00,159.43,10.000,10.000,9.935,10.000,10.000,0,0,SEARCHING,0.000,0.800,-0.000,0.005
22:49:33.363,SEARCHING,-22.334,5.342,1.487,0.00,0.00,159.46,10.000,7.324,7.318,10.000,10.000,0,0,SEARCHING,0.000,0.800,-0.000,0.010
22:49:33.563,SEARCHING,-22.484,5.398,1.487,0.00,0.00,159.66,10.000,9.685,9.042,10.000,10.000,0,0,SEARCHING,0.000,0.800,-0.000,0.019
22:49:33.765,SEARCHING,-22.634,5.453,1.487,0.00,0.00,159.82,10.000,9.963,9.887,10.000,10.000,0,0,SEARCHING,0.000,0.800,-0.000,0.007
22:49:33.965,SEARCHING,-22.785,5.508,1.487,0.00,0.00,159.88,10.000,9.996,9.987,10.000,10.000,0,0,SEARCHING,0.000,0.800,-0.000,0.002
22:49:34.166,SEARCHING,-22.935,5.563,1.487,0.00,0.00,159.89,10.000,9.999,7.323,10.000,10.000,0,0,SEARCHING,0.000,0.800,-0.000,0.009
22:49:34.367,SEARCHING,-23.085,5.618,1.487,0.00,0.00,160.02,9.550,9.081,9.465,10.000,10.000,0,0,SEARCHING,0.000,0.800,-0.000,0.006
22:49:34.567,SEARCHING,-23.236,5.673,1.487,0.00,0.00,160.14,7.245,7.168,8.993,10.000,10.000,0,0,SEARCHING,0.000,0.800,-0.000,0.006
22:49:34.767,SEARCHING,-23.386,5.727,1.487,0.00,0.00,160.16,9.676,9.667,9.881,10.000,10.000,0,0,SEARCHING,0.000,0.800,-0.000,-0.002
22:49:34.967,SEARCHING,-23.537,5.781,1.487,0.00,0.00,160.41,8.663,7.743,2.723,10.000,10.000,0,0,SEARCHING,0.000,0.800,-0.000,0.101
22:49:35.167,SEARCHING,-23.688,5.833,1.487,0.00,0.00,161.61,3.933,4.791,7.256,10.000,10.000,0,0,SEARCHING,0.000,0.800,-0.000,0.031
22:49:35.368,SEARCHING,-23.840,5.884,1.487,0.00,0.00,161.75,7.511,1.900,1.739,10.000,10.000,0,0,SEARCHING,0.000,0.769,-0.000,0.119
22:49:35.569,SEARCHING,-23.986,5.929,1.487,0.00,0.00,163.67,8.376,4.708,4.410,10.000,10.000,0,0,SEARCHING,0.000,0.782,-0.000,0.151
22:49:35.770,SEARCHING,-24.138,5.972,1.487,0.00,0.00,165.54,6.116,6.336,2.611,10.000,10.000,0,0,SEARCHING,0.000,0.796,-0.000,0.191
22:49:35.970,SEARCHING,-24.293,6.009,1.487,0.00,0.00,167.31,7.519,6.265,6.522,10.000,10.000,0,0,SEARCHING,0.000,0.799,-0.000,0.078
22:49:36.170,SEARCHING,-24.449,6.043,1.487,0.00,0.00,167.79,1.507,1.826,1.858,10.000,10.000,0,0,SEARCHING,0.000,0.746,-0.000,-0.028
22:49:36.372,SEARCHING,-24.571,6.070,1.487,0.00,0.00,168.59,7.863,4.147,2.783,10.000,10.000,0,0,SEARCHING,0.000,0.572,-0.000,0.222
22:49:36.571,SEARCHING,-24.700,6.093,1.487,0.00,0.00,171.39,3.425,3.279,6.017,10.000,10.000,0,0,SEARCHING,0.000,0.745,-0.000,0.171
22:49:36.773,SEARCHING,-24.852,6.114,1.487,0.00,0.00,172.45,6.859,6.834,6.642,10.000,10.000,0,0,SEARCHING,0.000,0.787,-0.000,0.034
22:49:36.972,SEARCHING,-25.009,6.135,1.487,0.00,0.00,172.73,8.229,7.228,3.775,10.000,10.000,0,0,SEARCHING,0.000,0.797,-0.000,0.046
22:49:37.173,SEARCHING,-25.167,6.154,1.487,0.00,0.00,173.61,6.782,8.126,3.964,10.000,10.000,0,0,SEARCHING,0.000,0.799,-0.000,0.098
22:49:37.373,SEARCHING,-25.326,6.170,1.487,0.00,0.00,174.72,8.299,7.732,6.571,10.000,10.000,0,0,SEARCHING,0.000,0.800,-0.000,0.077
22:49:37.574,SEARCHING,-25.485,6.184,1.487,0.00,0.00,175.34,9.800,6.696,7.558,10.000,10.000,0,0,SEARCHING,0.000,0.800,-0.000,0.030
22:49:37.774,SEARCHING,-25.645,6.197,1.487,0.00,0.00,175.80,9.976,8.182,6.793,10.000,10.000,0,0,SEARCHING,0.000,0.800,-0.000,0.052
22:49:37.975,SEARCHING,-25.805,6.208,1.487,0.00,0.00,176.37,9.997,9.786,6.568,10.000,10.000,0,0,SEARCHING,0.000,0.800,-0.000,0.048
22:49:38.175,SEARCHING,-25.964,6.217,1.487,0.00,0.00,176.83,10.000,9.975,9.596,10.000,10.000,0,0,SEARCHING,0.000,0.800,-0.000,0.021
22:49:38.376,SEARCHING,-26.124,6.226,1.487,0.00,0.00,176.99,10.000,9.997,9.952,10.000,10.000,0,0,SEARCHING,0.000,0.800,-0.000,0.006
22:49:38.577,SEARCHING,-26.284,6.234,1.487,0.00,0.00,177.04,10.000,10.000,9.994,10.000,10.000,0,0,SEARCHING,0.000,0.800,-0.000,0.002
22:49:38.776,SEARCHING,-26.444,6.242,1.487,0.00,0.00,177.05,10.000,10.000,9.999,10.000,10.000,0,0,SEARCHING,0.000,0.800,-0.000,0.000
22:49:38.976,SEARCHING,-26.603,6.251,1.487,0.00,0.00,177.05,10.000,10.000,10.000,10.000,10.000,0,0,SEARCHING,0.000,0.800,-0.000,0.000
